Building Permit Application Number,Building Address,Date Issued,Document Type,Number of Units Certified
201404304554,41 Tehama Street,2018/01/11,Amended TCO,68
201405286908,1075 Market Street,2018/01/19,Initial TCO,90
201408133766,110 Channel Street,2018/01/23,Amended TCO,15
201309045886,855 Brannan Street,2018/01/29,Amended TCO,2
201908098418,830 40th Avenue,2019/11/01,CFC,1
201703060758,2860 22nd Street,2018/01/02,CFC,1
201510169925,172 Haight Street,2018/01/04,CFC,2
201307262927,955 Natoma St,2018/01/08,CFC,1
201704264920,208 Flood Street,2018/01/08,CFC,1
201611162876,685 26th Avenue,2018/01/10,CFC,1
201307313201,972 Bush Street,2018/01/11,CFC,3
201601086723,208 San Jose Avenue,2018/01/12,CFC,1
201609097350,88A Valparaiso Street,2018/01/16,CFC,1
201607142411,69 Henry Street,2018/01/16,CFC,1
201604084287,729 Gratton Avenue,2018/01/17,CFC,1
201702038579,590 30th Avenue,2018/01/18,CFC,1
201604124545,1903 23rd Street,2018/01/19,CFC,1
201602189860,2190 Grove Street,2018/01/22,CFC,5
201505287372,175 Maynard,2018/01/24,CFC,1
201306129341,333 Pennsylvani Avenue,2018/01/25,CFC,2
201609016639,78 Lee Avenue,2018/01/26,CFC,1
201612024018,3136 Anza Street,2018/01/30,CFC,1
201504062845,3938 17th Street,2018/01/31,CFC,1
201406259383,800 Indiana Street,2016/02/06,Amended TCO,42
201404304554,41 Tehama Street,2019/02/13,Amended TCO,16
201406249199,255 Fremont Street,2018/02/15,Initial TCO,120
201312093685,580 Hayes Street,2018/02/27,Initial TCO,24
201208207754,160 Russ Street,2018/02/01,CFC,2
201601227796,136B Duncan,2018/02/01,CFC,1
201506017714,97 Saturn Street,2018/02/01,CFC,1
201412012693,50 Lucky Street,2018/02/02,CFC,1
201604154912,3646 16th Street,2018/02/08,CFC,1
201312093691,645 Texas Street,2018/02/12,CFC,2
201205251254,2851 Filbert Street,2018/02/13,CFC,1
201703302804,2237 19th Avenue,2018/02/14,CFC,1
201508275422,166 Palo Alto Avenue,2018/02/14,CFC,1
201607273540,708A Buchanan Street,2018/02/15,CFC,1
201511061992,3250 Laguna Street,2018/02/16,CFC,2
201412194190,127 23rd Avenue,2018/02/22,CFC,1
201701066618,76 Oakwood Street,2018/02/22,CFC,1
201706290708,858 Stanyan  Street,2022/02/24,CFC,3
201510159839,2121-2123 30th Ave,2018/02/27,CFC,1
201406037375,36 Knollview Way,2018/02/28,CFC,1
201405064989,188 Quane Street,2018/02/28,CFC,1
201408133775,1000 3rd Street,2018/03/16,Amended TCO,85
201406259383,800 Indiana Street,2018/03/16,Amended TCO,38
201406138394,150 Van Ness Avenue,2018/03/27,Initial TCO,96
201309207325,439 Alvarado Street,2018/03/01,CFC,1
201411242420,1042-1046 Jackson St,2018/03/05,CFC,1
201402259238,259 Roosevelt Way,2018/03/06,CFC,1
201408063204,3591 Jackson Street,2018/03/06,CFC,1
201507141495,1198 Valencia Street,2018/03/07,CFC,49
201303122050,910 Carolina Street,2018/03/07,CFC,1
201605096965,1610 La Playa,2018/03/12,CFC,1
201210041365,1580 Golden Gate Ave,2018/03/12,CFC,2
201510260798,735 Taylor Street,2018/03/13,CFC,7
201406279814,2051 3rd Street,2018/03/16,CFC,93
201802151418,736 Leavenworth St,2018/03/21,CFC,2
201405236581,1236 Arguello Blvd,2018/03/23,CFC,2
201512044204,744 Oak Street,2018/03/26,CFC,1
201608175311,1631 Shafter Street,2018/03/27,CFC,1
201311041054,3420 18th Street,2018/03/28,CFC,16
200203191802,65 Hiliritas Avenue,2018/03/28,CFC,1
200203191797,55 Hiliritas Avenue,2018/03/28,CFC,1
201704244741,415 7th Avenue,2018/03/28,CFC,1
201511203237,1431 Grove Street,2018/03/29,CFC,2
201605056664,478 28th Avenue,2018/03/30,CFC,1
201312093685,580 Hayes Street,2018/04/02,Amended TCO,1
201408133775,1000 3rd Street,2018/04/19,Amended TCO,64
201410108646,949 Natoma Street,2018/04/24,Initial TCO,6
201610180594,1048 Union Street,2018/04/03,CFC,2
201404294518,634 45th Avenue,2018/04/03,CFC,1
201703080978,1601 Ortega Street,2018/04/04,CFC,1
201503191293,3134 Broderick Street,2018/04/05,CFC,1
201307151829,579 39th Avenue,2018/04/05,CFC,2
201306149612,80 Blake Street,2018/04/05,CFC,2
201502107933,1110 York Street,2018/04/05,CFC,1
201209200274,685 Florida Street,2018/04/10,CFC,4
201508214923,1826 15th Street,2018/04/13,CFC,1
201406279810,79 Caine Avenue,2018/04/13,CFC,1
201406279799,77 Caine Avenue,2018/04/13,CFC,1
201410169154,4171 24th Street,2018/04/17,CFC,5
201611293687,975 Woolsey Street,2019/04/24,CFC,1
201602240424,2526 16th Avenue,2018/04/24,CFC,1
201407111074,1783 Noe Street,2018/04/25,CFC,1
201607182650,525 Hartford Street,2018/04/26,CFC,1
201607152444,2790 Folsom Street,2018/04/26,CFC,1
201608195497,552 Bowdoin Street,2018/04/26,CFC,1
201510099393,1271 24th Avenue,2018/04/27,CFC,1
201612144941,626A 29th Street,2018/04/30,CFC,1
201405054911,815 Tennessee Street,2018/05/02,Amended TCO,64
201408133775,1000 3rd Street,2018/05/07,Amended TCO,49
201406138394,150 Van Ness Avenue,2019/05/08,Amended TCO,180
201406259383,800 Indiana Street,2018/05/08,Amended TCO,32
201305015894,181 Femont Streer,2018/05/08,Amended TCO,35
201405054911,815 Tennessee Street,2018/05/22,Amended TCO,5
201508134190,240 Pacific Avenue,2018/05/22,Amended TCO,32
201006104250,5050 Mission Street,2018/05/25,Initial TCO,61
201305015894,181 Femont Streer,2018/05/29,Amended TCO,12
201305015894,181 Femont Streer,2018/05/29,Amended TCO,8
201705237369,797 Victoria Street,2018/05/01,CFC,1
201708316569,929-931 Hayes Street,2018/05/03,CFC,1
201609278931,2127-2131 Taylor Street,2018/05/04,CFC,1
201609137608,1555 Greenwich Street,2018/05/04,CFC,1
201509237776,2941 Gough Street,2018/05/05,CFC,1
201603313615,2127 Taylor Street,2018/05/07,CFC,4
201605278673,462 22nd Avenue,2018/05/08,CFC,2
201612084415,164 23rd Avenue,2018/05/09,CFC,1
200801021686,2131 North Point St,2018/05/10,CFC,1
201612296241,1578 8th Avenue,2018/05/11,CFC,1
201609268810,351 Mangels Av,2018/05/15,CFC,1
201312043311,701 Silver Avenue,2018/05/16,CFC,1
201703211934,253 11th Avenue,2018/05/21,CFC,1
201406269581,166-168  Sproule Lane,2018/05/22,CFC,2
201709209145,4431 24th Street,2018/05/23,CFC,1
201707263024,3535-3537 Anza Street,2018/05/25,CFC,1
201710201885,288 Farallones Street,2018/05/25,CFC,1
201707202518,49 Broad Street,2018/05/29,CFC,1
201605036406,985 Church Street,2018/05/31,CFC,1
201406138394,150 Van Ness Avenue,2018/06/06,Amended TCO,144
201305015894,181 Fremont Street,2018/06/27,Amended TCO,10
201406269523,1036 Mission Street,2018/06/29,Initial TCO,83
201704184284,1561 7th Avenue,2018/06/01,CFC,1
201612134768,255 Dolores,2018/06/05,CFC,2
201611082228,2729 34th Avenue,2018/06/06,CFC,1
201707192337,121 Riverton Drive,2018/06/07,CFC,1
201312093685,580 Hayes Street,2018/06/08,CFC,4
201610200847,1742 North Point Street,2018/06/12,CFC,1
201410027946,371 12th Avenue,2018/06/14,CFC,1
201511233353,11 Hiliritas Avenue,2018/06/13,CFC,1
201602038772,1445 Mason Street,2018/06/14,CFC,3
201604053922,582 Naples Street,2018/06/15,CFC,1
201508315738,840-842 Fell Street,2018/06/15,CFC,1
201712146509,522-524 37th Avenue,2018/06/13,CFC,2
201706219924,1031 Santiago Street,2018/06/19,CFC,1
201706058437,1875 Lombard Street,2018/06/21,CFC,2
201706300827,571 Ivy Street,2018/06/21,CFC,1
201608296230,109 17th Avenue,2018/06/22,CFC,1
201702169536,548 Banks Street,2018/06/25,CFC,1
201610311558,2135 California Street,2018/06/27,CFC,1
201011295645,721 Beach Street,2018/06/27,CFC,2
201708245778,162-164 College Avenue,2018/06/29,CFC,1
201406259383,800 Indiana Street,2019/07/14,Amended TCO,31
201704174171,2240 Washington Street,2018/07/19,Initial TCO,1
201501145725,500 Hudson Avenue,2018/07/24,Initial TCO,1
201412053170,10 Kennedy Place,2018/07/30,Initial TCO,8
201412194135,10 Innes Court,2018/07/30,Initial TCO,31
201710262345,8 Gilroy Street,2018/07/03,CFC,1
201708154927,2349 26th Avenue,2018/07/05,CFC,1
201605258278,1385 Clay Street,2018/07/06,CFC,1
201505126076,6 Bonview Street,2018/07/09,CFC,1
201505126084,2 Bonview Street,2018/07/09,CFC,1
201707131794,36 Norton Street,2018/07/10,CFC,1
201510301346,949 Fell Street,2018/07/16,CFC,2
201701278105,20 Dartmouth Street,2018/07/17,CFC,1
201704275087,427 Joost Avenue,2018/07/17,CFC,1
201508134190,240 Pacific,2018/07/18,CFC,1
201712116168,438-440 Alvarado Street,2018/07/26,CFC,1
201507161644,1238 Sutter Street,2018/07/19,CFC,37
201307232514,287 14th Avenue,2018/07/19,CFC,1
201406259383,800 Indiana Street,2018/08/01,Amended TCO,25
201305015894,181 Fremont Street,2018/08/16,Amended TCO,1
201602230301,750 Harrison Street,2018/08/17,Initial TCO,79
201606281077,75 Arkansas Street,2018/08/22,Initial TCO,30
201507272485,626 Mission Bay Blvd North,2018/08/24,Amended TCO,143
201512185561,3053 Turk Street,2018/08/02,CFC,2
201410158900,19 Arguello Blvd,2018/08/03,CFC,1
201604215342,2341 Chestnut Street,2018/08/03,CFC,1
201601227749,636 Carolina Street,2018/08/03,CFC,1
201012217130,2007 Franklin Street,2018/08/03,CFC,1
201706129033,1698A 27th Avenue,2018/08/07,CFC,1
200712140534,1 Stanyan Street,2018/08/09,CFC,13
201504234455,2755 McAllister Street,2018/08/10,CFC,3
201703151563,320C Capp Street,2018/08/10,CFC,1
201502198744,1241 Shrader Street,2018/08/13,CFC,2
201412123685,163 University,2018/08/17,CFC,1
201512225698,2477 Lombard Street,2018/08/17,CFC,1
201605258283,80 7th Avenue,2018/08/20,CFC,2
201701106857,662 Cambell Avenue,2018/08/23,CFC,1
201606270934,2349 North Point Street,2019/08/24,CFC,1
201606170332,3350 Taraval Street,2018/08/24,CFC,1
201507101227,439-441 43rd Avenue,2018/08/24,CFC,1
201703222064,495 Utah Street,2018/08/29,CFC,1
201603283243,505 Church Street,2018/08/30,CFC,1
201412123652,37 Blake Street,2018/08/31,CFC,2
201707172032,2146 31st Avenue,2018/09/04,CFC,1
201708316545,227A Randolph Street,2018/09/04,CFC,1
201707101423,2187 21st Avenue,2018/09/05,CFC,1
201602129574,2730 Sacramento Street,2018/09/05,CFC,1
200803288274,1167 Stanyan Street,2018/09/07,CFC,1
201612195342,910 Presidio,2018/09/08,CFC,1
201503191389,550 7th Avenue,2018/09/11,CFC,1
201407030471,19-23 Rosemont Place,2018/09/12,CFC,2
200712311569,845 Post Street,2018/09/13,CFC,4
201608256051,1200 Treat Avenue,2018/09/14,CFC,3
201809170548,10 Niantic Avenue,2018/09/18,CFC,1
201707273147,2002 Pierce Street,2018/09/19,CFC,1
201708074067,104 Guerrero Street,2018/09/20,CFC,1
201611162922,1418 Rhode Island Street,2018/09/20,CFC,4
201505287452,811 Treat Avenue,2018/09/21,CFC,2
201203146037,906 Cortland Avenue,2018/09/26,CFC,2
201308235158,89 Belgrave Avenue,2018/09/28,CFC,1
201512235830,1598 Bay Street,2018/10/28,Initial TCO,28
201606018897,4740 Balboa Street,2018/10/01,CFC,2
201209109355,104 Gilman Avenue,2018/10/01,CFC,1
201606200415,624 Hampshire Street,2018/10/01,CFC,1
201502249220,1152 Potrero Avenue,2018/10/02,CFC,2
201303152358,170-180 Yukon Street,2018/10/02,CFC,2
201704214618,1670 Kirkwood Avenue,2018/10/05,CFC,1
201406269542,1335 Folsom Street,2018/10/10,CFC,53
201203276943,135 Yukon Street,2018/10/15,CFC,1
201706209841,2065 powell Street,2018/10/15,CFC,1
201402138456,3339 Anza Street,2018/10/16,CFC,1
201807245374,279 Monterey Blvd,2018/10/17,CFC,2
201410108600,44 Woodward Street,2018/10/19,CFC,3
201804247223,417 Lyon Street,2018/10/22,CFC,1
201611183146,419 20th Avenue,2018/10/25,CFC,1
201505227018,1850 Sacramneto Street,2018/10/25,CFC,1
201410159002,1560 Dolores Street,2018/10/26,CFC,1
201512114904,1339 Francisco Street,2018/10/30,CFC,1
201610130233,4164 26th Street,2018/10/31,CFC,1
201705267779,2536 Greenwich Street,2018/10/31,CFC,1
201803093352,65 Cora Street,2018/10/12,CFC,1
200806275522,369 18th Avenue,2018/11/15,Initial TCO,41
201502178455,982 Guerrero Street,2018/11/02,CFC,1
201601086638,84 Harriet Street,2018/11/06,CFC,1
201602190078,4023 Pacheco Street,2018/11/08,CFC,1
201801299807,1477 39th Street,2018/11/13,CFC,1
201605167544,1966 California Street,2018/11/16,CFC,1
201608054349,80 terra Vista Avenue,2018/11/26,CFC,4
201411191947,116 Elsie Street,2018/11/27,CFC,1
201701177306,423 Faxon Avenue,2018/11/27,CFC,1
201607011383,274A Diamond Street,2018/11/29,CFC,1
201608094608,855 Waller Street,2018/11/30,CFC,3
201705307830,2214 36th Avenue,2018/12/05,CFC,1
201704285242,644 Natoma Street,2018/12/05,CFC,3
201812067652,1964A Filbert Street,2018/12/07,CFC,1
201602250572,515A 2nd Avenue,2018/12/07,CFC,2
201610210934,653 Head Street,2018/12/07,CFC,1
201608225711,730 Lyon Street,2018/12/07,CFC,1
201309045886,801 Brannan Street,2018/12/07,CFC,120
201401277177,454 Ralston Street,2018/12/13,CFC,1
201506179222,29A Rausch Street,2018/12/12,CFC,1
201803294957,200 Faxon Avenue,2018/12/14,CFC,1
201510270858,2828 Webster Street,2018/12/14,CFC,1
201508124040,28 Elgin Park,2018/12/14,CFC,3
201706159411,3700 20th Street,2018/12/17,CFC,1
201711023013,1525 30th Avenue,2018/12/19,CFC,1
201710131184,213 Kenwood  Way,2018/12/19,CFC,1
200908124639,1731 Powell Street,2018/12/19,CFC,18
201602018478,1355 Bay Street,2018/12/20,CFC,1
201612275907,900 Presidio Avenue,2018/12/21,CFC,1
201506239703,750 14th Street,2018/12/27,CFC,4
201608296272,2800 Arelious Walker Dr,2019/01/14,Initial TCO,16
201705307839,1348 27th Avenue,2019/01/03,CFC,1
201812067578,104 Bache Street,2019/01/04,CFC,2
201611172995,1320 Page Street,2019/01/08,CFC,1
201306250398,1 Henry Adams,2019/01/08,CFC,156
201712186766,244 Ashton Avenue,2019/01/08,CFC,1
201312265013,4621 19th Street,2019/01/09,CFC,1
201603162175,987-993 Dolores Street,2019/01/10,CFC,1
201312204680,2251 Greenwich Street,2019/01/10,CFC,1
201504093240,22 Franklin Street,2019/01/10,CFC,35
201802272390,1217-1219 Rhode Island,2019/01/11,CFC,1
201306149565,1255-1275 Columbus Av,2019/01/11,CFC,20
201803133512,3075A 25th Aveneue,2019/01/11,CFC,1
201507313053,1230 21st Avenue,2019/01/14,CFC,1
201804277637,195A Otsego Av,2019/01/15,CFC,1
201505186604,258A 24th Avenue,2019/01/18,CFC,1
201408063132,331 Capistrano,2019/01/23,CFC,1
201507171757,336 Princeton Street,2019/01/23,CFC,1
201807255518,1326-1328 44th Avenue,2019/01/24,CFC,1
201705166700,1723 31st Avenue,2019/01/24,CFC,1
201805038172,575-577 29th Street,2019/01/29,CFC,1
201605127294,1231 Grove Street,2019/01/29,CFC,1
201607051512,280A 11th Avenue,2019/01/30,CFC,1
201710201856,4130 Geary Blvd,2019/01/30,CFC,1
201512144997,508 Hudson Avenue,2019/02/05,Initial TCO,1
201512144998,512 Hudson Avenue,2019/02/05,Initial TCO,1
201512144999,516 Hudson Avenue,2019/02/05,Initial TCO,1
201512145000,520 Hudson Avenue,2019/02/05,Initial TCO,1
201512145001,524 Hudson Avenue,2019/02/05,Initial TCO,1
201512145002,528 Hudson Avenue,2019/02/05,Initial TCO,1
201512145003,532 Hudson Avenue,2019/02/05,Initial TCO,1
201512145019,536 Hudson Avenue,2019/02/05,Initial TCO,1
201405307085,1532 Howard Street,2019/02/20,Initial TCO,15
200806275522,369 18th Avenue,2019/02/01,CFC,2
201707141970,907 Innes Avenue,2019/02/01,CFC,2
201505146298,3810 Divisadero Street,2019/02/01,CFC,1
201808177715,84 Harriet Street,2019/02/06,CFC,1
201712075786,192 Maddux Avenue,2019/02/07,CFC,1
201502138349,854 Capp Street,2019/02/07,CFC,4
201803133556,1745A Revere Avenue,2019/02/07,CFC,1
201706270486,432-434 Kirkham Street,2019/02/11,CFC,1
201610130185,1273 10th Avenue,2019/02/11,CFC,1
201806273153,1711 McKinnon,2019/02/12,CFC,1
201603242991,2400 Van Ness Avenue,2019/02/13,CFC,3
201611183166,19A Mizpah Street,2019/02/14,CFC,1
201508073699,2411 Webster Street,2019/02/14,CFC,1
201802282510,2646 California Street,2019/02/14,CFC,1
201902143018,526 Utah Street,2019/02/15,CFC,1
201607273501,4039-4041 Cesar Chavez,2019/02/22,CFC,2
201710050474,1920 48th Avenue,2019/02/25,CFC,1
201607263406,111 Trenton,2019/02/27,CFC,1
201604286003,470A 11th Avenue,2019/02/27,CFC,1
201612215533,772 4th Avenue,2019/02/27,CFC,1
201701247799,1279 Fitzgerald Ave,2019/02/28,CFC,1
201812128099,1478 47th Avenue,2019/02/28,CFC,1
201508063607,595 Mariposa Street,2019/03/27,Amended TCO,20
201412113579,831-835 South Van Ness,2019/03/01,CFC,3
201404173443,2621 Harrison Street,2019/03/01,CFC,2
201801047838,1375 31st Avenue,2019/03/04,CFC,1
201405216394,40 Bernal Heights Blvd,2019/03/06,CFC,1
201405216395,985 Powhattan Avenue,2019/03/06,CFC,1
201405216387,655 Powhattan Avenue,2019/03/06,CFC,1
201405216396,1025 Powhattan Avenue,2019/03/07,CFC,1
201805229849,1475 Church Street,2019/03/07,CFC,1
201609137558,1125 Union Street,2019/03/14,CFC,3
201808238103,2153-2155 North Point,2019/03/15,CFC,1
201512185513,1359 Minna Street,2019/03/18,CFC,1
201704073425,3123 Ulloa Street,2019/03/20,CFC,1
201808207775,215-215A Detroit Street,2019/03/22,CFC,1
201712075857,1171 York Street,2019/03/22,CFC,1
201608054354,1731 Lake Street,2019/03/22,CFC,1
201711103737,2144 Hayes Street,2019/03/22,CFC,1
201705247586,1169-1171 Stanyan Street,2019/03/26,CFC,1
201711174256,1371 Broadway,2019/03/27,CFC,1
201412234418,245 1st Street,2019/04/04,Initial TCO,420
201412234418,245 1st Street,2019/04/12,Amended TCO,10
201507060668,95 Laguna Street,2019/04/25,Initial TCO,79
201602179822,210 Taylor Street,2019/04/30,Initial TCO,113
201612165164,200 Guerrero Street,2019/04/02,CFC,2
201607182596,2-12 Coso Avenue,2019/04/04,CFC,2
201607061649,21 Castro Street,2019/04/09,CFC,1
201710201835,727 Delana Avenue,2019/04/10,CFC,1
201701106843,229 Coleridge Street,2019/04/11,CFC,1
201703292656,900 Oak Street,2019/04/15,CFC,1
201612286021,532 41st Avenue,2019/04/17,CFC,1
201701268051,1547 Clay Street,2019/04/18,CFC,2
201711022938,2810 Washington Street,2019/04/18,CFC,1
201603162267,186 Valley Street,2019/04/19,CFC,1
201710272493,22 Terra Vista,2019/04/23,CFC,1
201705197197,3501A Noriega Street,2019/04/26,CFC,1
201903145265,888 De Haro Street,2019/04/08,CFC,1
201606160127,1985 Fulton Street,2019/04/10,CFC,2
201802131183,1451 Mariposa Street,2019/04/11,CFC,1
201308225028,735 Clayton Street,2019/04/12,CFC,1
201402269330,1938 18th Street,2019/04/18,CFC,1
201705257601,62 Moss Street,2019/04/19,CFC,1
201610261176,3256 21st Street,2019/04/19,CFC,1
201607273471,65 Buena Vista East Ave,2019/04/23,CFC,3
201402269332,1918-1916 18th Street,2019/04/25,CFC,2
201402269327,1928 18th Street,2019/04/25,CFC,1
201803294952,1887 34th Avenue,2019/04/30,CFC,1
201711073397,3850A Anza Street,2019/04/30,CFC,1
201504103363,2944 21st Street,2019/03/07,CFC,3
201402078043,1236 19th Avenue,2019/03/13,CFC,3
201801269669,10 Sloat Boulevard,2019/03/18,CFC,1
201611183096,10 Restani Way,2019/02/15,CFC,1
201606291227,606 Capp Street,2019/04/08,CFC,20
201604285990,901 Tennessee Street,2019/05/13,Initial TCO,40
201602190104,915 Minna Street,2019/05/20,Initial TCO,49
201702239937,950 Natoma Street,2019/05/20,Initial TCO,6
201406108024,1699 Market Street,2019/05/28,Initial TCO,160
201512235842,126-130 Laguna Street,2019/05/29,Initial TCO,2
201508215004,139 Grand View Avenue,2019/05/02,CFC,1
201811095563,2941A 23rd Avenue,2019/05/02,CFC,1
201710030294,754 20th Avenue,2019/05/02,CFC,1
201608296272,2800 Arelious Walker Dr,2019/05/02,CFC,15
201811095563,2941A 23rd Avenue,2019/05/02,CFC,1
201610039432,121 Cayuga Avenue,2019/05/03,CFC,1
201605238169,1391 8th Avenue,2019/05/03,CFC,5
201810244014,1376 20th Avenue,2019/05/03,CFC,1
201706139174,1462 32nd Avenue,2019/05/06,CFC,1
201704043102,4150 Cabrillo Street,2019/05/06,CFC,1
201610140343,101 Sanchez Street,2019/05/07,CFC,3
201807134560,785-719 14th Street,2019/05/07,CFC,1
201607142358,1270 46th Avenue,2019/05/08,CFC,1
201902011883,1336 25th Avenue,2019/05/08,CFC,2
201608266145,3316-3318 Scott Street,2019/05/09,CFC,1
201808248313,357 Bridgeview Drive,2019/05/10,CFC,1
201607293732,2101 Bay Street,2019/05/14,CFC,6
201605268499,775 Corbett Avenue,2019/05/15,CFC,2
201706139268,659-663 Page Street,2019/05/16,CFC,1
201607071819,1 Toledo Way,2019/05/17,CFC,5
201705197200,400 Lansdale Ave,2019/05/17,CFC,1
201804116028,2130 Cabrillo Street,2019/05/17,CFC,1
201708296336,1487 47th Avenue,2019/05/20,CFC,1
201302281136,477 Eucalyptus Drive,2019/05/22,CFC,1
201701137197,4 Ankeny Street,2019/05/23,CFC,1
201703282491,1555A McAllister Street,2019/05/29,CFC,1
201703211976,1668 Newcomb Avenue,2019/05/29,CFC,1
201507030637,1855 Oak Street,2019/05/30,CFC,1
201802161523,2047 Jefferson Street,2019/05/31,CFC,1
201412053180,52 Innes Court,2018/11/13,CFC,36
201412053181,51 Innes Court,2018/11/13,CFC,36
201312244992,680 Indiana Street,2019/05/20,CFC,7
201703010446,655 Kansas Street,2019/05/17,CFC,4
201612296199,639 Geary Street,2019/05/30,Initial TCO,1
201512145054,1395 22nd Street,2019/06/07,Initial TCO,35
201512145054,1395 22nd Street,2019/06/14,Amended TCO,45
201412234418,245 01st Street,2019/06/14,Amended TCO,55
201412234418,245 01st Street,2019/06/28,Amended TCO,61
201408133730,160 Bernard Street,2019/06/03,CFC,2
201801128603,214 Banks Street,2019/06/03,CFC,1
201701066678,355 Tocoloma Avenue,2019/06/05,CFC,1
201607122077,2867 22nd Street,2019/06/06,CFC,1
201412184051,460 31st Avenue,2019/06/11,CFC,2
201602109217,3441 26th Street,2019/06/11,CFC,1
201709117519,60 Central Avenue,2019/06/13,CFC,1
201607081877,433 34th Avenue,2019/06/17,CFC,2
201801057962,3169 California Street,2019/06/19,CFC,1
201609137546,775 Page Street,2019/06/19,CFC,1
201501125418,239 14th Avenue,2019/06/20,CFC,1
201607293729,1801 Beach Street,2019/06/24,CFC,5
201702149410,431-433 Capp Street,2019/06/27,CFC,1
201703131328,1770 Noe Street,2019/06/27,CFC,1
201802020221,1701 La Salle Avenue,2019/06/21,CFC,1
200806023360,1703 McKinnon Avenue,2019/06/26,CFC,1
201603081424,1566 18th Avenue,2019/06/27,CFC,1
201805240084,625 Kearny Street,2019/06/21,CFC,2
201508134164,551 Visitacion Avenue,2019/06/17,CFC,1
201804247217,119 Peabody Street,2019/06/10,CFC,1
201802020247,1427 28th Avenue,2019/04/03,CFC,1
201808288570,1223A Hollister Avenue,2019/04/03,CFC,1
201706139229,695 ConnecticutSt,2019/07/01,CFC,1
201312265039,23 Canyon Drive,2019/07/02,CFC,1
201801098131,41-43 Restani Way,2019/07/02,CFC,1
201612165233,141 Santa Marina Street,2019/07/03,CFC,1
201802262260,222 Eucalyptus Drive,2019/07/03,CFC,1
9623103S,838-848 Kearny/555 Jackson,2019/07/05,CFC,106
201703302829,91 Chattanooga Street,2019/07/08,CFC,1
201805159091,125 Bay Shore Blvd,2019/07/08,CFC,1
201901251248,4830 Mission Street,2019/07/08,CFC,1
201703292713,3076 26th Street,2019/07/09,CFC,1
201805027946,73 Leese Street,2019/07/10,CFC,1
201812107840,941 14th Street,2019/07/10,CFC,1
201711204339,203 Roanoke Street,2019/07/11,CFC,2
201604154845,538 Mississippi Street,2019/07/11,CFC,1
201612225735,719 Larkin Street,2019/07/15,CFC,42
201601288264,1330 11th Avenue,2019/07/17,CFC,1
201609168045,2335 Larkin Street,2019/07/18,CFC,2
201506027757,461-463 32nd Avenue,2019/07/18,CFC,1
201612306377,33A Lisbon Avenue,2019/07/19,CFC,1
201603081451,630 Natoma Street,2019/07/19,CFC,3
201510149629,36 Tingley Street,2019/07/22,CFC,1
201610180549,416 Bartlett Street,2019/07/23,CFC,1
201404012185,160 Germania Street,2019/07/23,CFC,1
201602058916,635 Clayton Street,2019/07/24,CFC,1
201608044194,1631 Chestnut Street,2019/07/24,CFC,1
201703131339,3561 Pierce Street,2019/07/25,CFC,1
201706220140,210 Girard Street,2019/07/26,CFC,1
201603101699,531 33rd Avenue,2019/07/26,CFC,1
201706280588,1031-1039 Scott Street,2019/07/26,CFC,3
201603232865,1236 Haight Street,2019/07/26,CFC,1
201606200383,2238 Vicente Street,2019/07/26,CFC,1
201805250259,225 17th Avenue,2019/07/30,CFC,1
201711022974,1270 Church Street,2019/07/31,CFC,2
201404223783,17 Temple Street,2019/07/22,CFC,1
201412234418,245 01st Street,2019/08/01,Amended TCO,2
201501236483,2600 Harrison Street,2019/08/07,Initial TCO,20
201305036062,555 Fulton Street,2019/08/16,Initial TCO,56
201605066751,455 Fell Street,2019/08/23,Initial TCO,108
201505297566,3906-3908 24th Street,2019/08/06,CFC,3
201412234391,39 Rutledge Street,2019/08/07,CFC,1
201512144996,504 Hudson Avenue,2019/08/07,CFC,1
201512145008,550 Hudson Avenue,2019/08/07,CFC,1
201512145012,564 Hudson Avenue,2019/08/07,CFC,1
201512145023,576 Hudson Avenue,2019/08/07,CFC,1
201410179280,4334 Geary Boulevard,2019/08/08,CFC,6
201501145725,500 Hudson Avenue,2019/08/09,CFC,1
201501145724,540 Hudson Avenue,2019/08/09,CFC,1
201512145004,544 Hudson Avenue,2019/08/09,CFC,1
201512145007,548 Hudson Avenue,2019/08/09,CFC,1
201512145009,552 Hudson Avenue,2019/08/09,CFC,1
201512145010,556 Hudson Avenue,2019/08/09,CFC,1
201512145011,560 Hudson Avenue,2019/08/09,CFC,1
201512145013,568 Hudson Avenue,2019/08/09,CFC,1
201512145014,572 Hudson Avenue,2019/08/09,CFC,1
201706290654,"651 8th Street, Treasure Island",2019/08/09,CFC,9
201408012761,255 Seacliff Avenue,2019/08/12,CFC,1
201711143924,54 Mullen Avenue,2019/08/13,CFC,1
201603010901,1565 Jackson Street,2019/08/15,CFC,2
201611082235,4061 Cesar Chavez Street,2019/08/19,CFC,1
201501236565,2500 Arelious Walker Drive,2019/08/20,CFC,122
201603162239,989 Ellsworth Street,2019/08/22,CFC,4
201512215657,4043 Cesar Chavez,2019/08/22,CFC,2
201412234394,35 Rutledge Street,2019/08/23,CFC,1
201612215531,1029 Geary Street,2019/08/23,CFC,1
201801057986,1717 Mason Street,2019/08/23,CFC,1
201905171021,1117 Clement Street,2019/08/27,CFC,1
201610311527,1322 23rd Avenue,2019/08/28,CFC,1
201702280324,577 42nd Avenue,2019/08/28,CFC,1
201810032096,26 Crescent Aveneue,2019/08/30,CFC,1
201208076803,127 Buchanan Street,2019/08/30,CFC,5
201607192730,2100 Market Street,2019/09/05,Initial TCO,60
201612225774,160 Connecticut Street,2019/09/05,Initial TCO,2
201503110506,500 Folsom Street,2019/09/11,Initial TCO,80
201512145054,1395 22nd Street,2019/09/17,Amended TCO,183
201512074335,267 25th Avenue,2019/09/03,CFC,2
201506259899,566 Huron Avenue,2019/09/03,CFC,1
201810112965,1546 27th Avenue,2019/09/03,CFC,1
201704123855,156 Missouri Street,2019/09/05,CFC,2
201603222793,1528 15th Street,2019/09/06,CFC,1
201806273141,3525 17th Street,2019/09/06,CFC,1
201906123277,1234 Jones Street,2019/09/09,CFC,1
201711023014,436 Colon Avenue,2019/09/10,CFC,1
201802211863,2307A 15tth Aveneue,2019/09/10,CFC,1
201812077816,1517 Van Dyke,2019/09/11,CFC,1
201803133575,3933 Mission Street,2019/09/11,CFC,2
201905281833,275 Waller Street,2019/09/12,CFC,1
201706078722,840 Monterey Boulevard,2019/09/12,CFC,1
201402269331,560-562 De Haro Street,2019/09/16,CFC,2
201402269329,566-580  De Haro Street,2019/09/16,CFC,2
201402269324,586-588  De Haro Street,2019/09/16,CFC,2
201402269328,596-598 De Haro Street,2019/09/16,CFC,2
201705257672,478 39th Avenue,2019/09/16,CFC,1
201608165091,495 Chapman Street,2019/09/16,CFC,1
201604064141,3110 Clay Street,2019/09/17,CFC,1
201605318777,1433 Bush Street,2019/09/18,CFC,40
201706270468,1741A 16th Avenue,2019/09/18,CFC,1
201604205203,515 Octavia Street,2019/09/19,CFC,1
201609026792,41 Ottawa Avenue,2019/09/20,CFC,1
201809170430,50A Sussex Street,2019/09/20,CFC,1
201503191328,2181 9th Avenue,2019/09/24,CFC,1
201704204456,559 24th Avene,2019/09/24,CFC,1
201604074232,558-562 Filbert Street,2019/09/24,CFC,1
201705267806,319 Capp Street,2019/09/25,CFC,1
201808238131,26 Flint Street,2021/09/26,CFC,1
201705096111,108 Bosworth Street,2019/09/27,CFC,2
201506199453,1301 Turk Street,2019/09/27,CFC,1
201812067642,731 44th Avenue,2019/09/27,CFC,1
201806293393,1662 36th Avenue,2019/09/27,CFC,1
201804105983,1901 33rd Avenue,2019/09/30,CFC,1
201503110506,500 Folsom Street,2019/10/04,Amended TCO,71
201612225710,1491 Sunnydale Aveneue,2019/10/04,Amended TCO,55
201709229395,1411 Florida Street,2019/10/03,CFC,1
201507141485,777 Tennessee Street,2019/10/03,Initial TCO,59
201809190844,3259 Mission Street,2019/10/02,CFC,1
201906133379,15 Vandewater Street,2019/10/04,CFC,1
201705187006,2835 Van Ness Avenue,2019/10/07,CFC,1
201801299802,123 Ashbury Street,2019/10/09,CFC,1
201902132821,615 Sanchez Street,2019/10/09,CFC,1
201511031632,2346 Lombard Street,2019/10/09,CFC,6
201802201717,996-998 Burnett Avenue,2019/10/10,CFC,1
201711224685,247 Edna Street,2019/10/10,CFC,1
201710040318,352 Roosevelt Way,2019/10/10,CFC,1
201609077004,3320 Octavia Street,2019/10/10,CFC,4
201710262402,2510 Folsom Street,2019/10/11,CFC,4
201612195288,226 Brazil Street,2019/10/11,CFC,1
201910023287,680 Spruce Street,2019/10/11,CFC,1
201902072315,822 Arkansas Street,2019/10/15,CFC,1
201803214253,3140 25th Street,2019/10/15,CFC,1
201306250394,1 Henry Adams,2019/10/15,CFC,85
201803063032,1436-1436A Page Street,2019/10/15,CFC,2
201609299151,138 Page Street,2019/10/15,CFC,1
201805240052,462 Gold Mine Drive,2019/10/17,CFC,1
201612286024,528 41st Aveue,2019/10/18,CFC,1
201709137972,3947 21st Street,2019/10/18,CFC,1
201604074236,589-591 Dolores Street,2019/10/24,CFC,3
201603172392,1101 Connecticut Street,2019/10/28,CFC,72
200705312676,2000 McAllister Street,2019/10/29,CFC,3
201606240805,530 41st Avenue,2019/10/30,CFC,1
201908088234,340A Silliman Street,2019/10/31,CFC,1
201505297549,502 7th Street,2019/11/13,Initial TCO,16
201503110506,500 Folsom Street,2019/11/14,Amended TCO,161
201603031058,1601 Mariposa Street,2019/11/15,Initial TCO,134
201608195545,1294 Shotwell Street,2019/11/13,Initial TCO,94
201908098418,830 40th Avenue,2019/11/01,CFC,1
201712015222,1927 Alemany Boulevard,2019/11/01,CFC,1
201506169055,501 Buena Vista Avenue West,2019/11/04,CFC,1
201709290019,2121A Judah Street,2019/11/05,CFC,1
201706018150,159A Sadowa Street,2019/11/06,CFC,1
201811014722,746 Lyon Street,2019/11/06,CFC,1
200405073324,1282 Hayes Street,2019/11/07,CFC,7
201709299946,1530 California Street,2019/11/07,CFC,1
201701247807,615 Prague Street,2019/11/08,CFC,1
201903215920,357 Lansdale Avenue,2019/11/13,CFC,1
201705197084,5556 Mission Street,2019/11/13,CFC,1
201811085433,18A Harvard Street,2019/11/14,CFC,1
201811196332,313-315 Mount Vernon Aveneu,2019/11/14,CFC,1
201307292931,2930-2932 23rd Street,2019/11/14,CFC,1
201810112959,57 Caine Avenue,2019/11/15,CFC,1
201806202503,8 Cragmont Avenue,2019/10/18,CFC,1
201401307472,53 States Street,2019/11/06,CFC,1
201810092555,645 Santiago Street,2019/11/12,CFC,1
201512144961,57 Kirkwood Avenue,2019/11/13,CFC,1
201512144994,85 Kirkwood Avenue,2019/11/13,CFC,1
201512144957,31Kirkwood Avenue,2019/11/15,CFC,1
201512144958,33 Kirkwood Avenue,2019/11/15,CFC,1
201512144959,35 Kirkwood Avenue,2019/11/15,CFC,1
201512145025,37 Kirkwood Avenue,2019/11/15,CFC,1
201501145720,29 Kirkwood Avenue,2019/11/15,CFC,1
201708316594,1419 Lane Street,2019/11/15,CFC,1
201711214580,2905 Jennings Street,2019/11/15,CFC,1
201512145026,39 Kirkwood Avenue,2019/11/15,CFC,1
201512145027,41 Kirkwood Avenue,2019/11/15,CFC,1
201512145028,43 Kirkwood Avenue,2019/11/15,CFC,1
201512145029,45 Kirkwood Avenue,2019/11/15,CFC,1
201512145030,47 Kirkwood Avenue,2019/11/15,CFC,1
201412113582,53 Kirkwood Avenue,2019/11/13,CFC,1
201512144960,55 Kirkwood Avenue,2019/11/15,CFC,1
201512144962,59 Kirkwood Avenue,2019/11/13,CFC,1
201512144963,61 Kirkwood Avenue,2019/11/15,CFC,1
201512144964,63 Kirkwood Avenue,2019/11/18,CFC,1
201512144965,65 Kirkwood Avenue,2019/11/15,CFC,1
201512144988,67 Kirkwood Avenue,2019/11/15,CFC,1
201512144989,69 Kirkwood Avenue,2019/11/15,CFC,1
201512144990,71 Kirkwood Avenue,2019/11/15,CFC,1
201512145021,73 Kirkwood Avenue,2019/11/15,CFC,1
201412113580,77 Kirkwood Avenue,2019/11/15,CFC,1
201512144991,79 Kirkwood Avenue,2019/11/15,CFC,1
201512144992,81 Kirkwood Avenue,2019/11/15,CFC,1
201512144995,87 Kirkwood Avenue,2019/11/15,CFC,1
201512144993,89 Kirkwood Avenue,2019/11/15,CFC,1
201512145022,89 Kirkwood Avenue,2019/11/15,CFC,1
201012076279,218 Williams Avenue,2019/11/19,CFC,1
201709117557,678A 11th Avenue,2019/11/06,CFC,1
201303051508,381 26th Avenue,2019/11/13,CFC,3
201708316644,1353 Stevenson Street,2019/11/14,CFC,1
201507010431,2500 Clement Streer,2019/11/15,CFC,1
201802222037,2395 29th Avenue,2019/11/19,CFC,2
201601116829,330 Presidio Avenue,2019/11/20,CFC,2
201502128257,575A Athens Street,2019/11/22,CFC,1
201806252787,2095 Thomas Avenue,2019/11/25,CFC,1
201604205279,420 14th Street,2019/11/26,CFC,1
201607061716,2988A Mission Street,2019/11/27,CFC,1
201803305180,4536 20th Street,2019/11/27,CFC,1
201305036062,555 Fulton Street,2019/12/06,Amended TCO,78
201508184575,77 Belgrave Avenue,2019/12/05,Initial TCO,1
201704073430,256 Casitas Avenue,2019/12/20,Initial TCO,1
201603091627,875 California Street,2019/12/23,Initial TCO,32
201503110506,500 Folsom Street,2019/12/26,Amended TCO,48
201705035598,3140 Octavia Street,2019/12/02,CFC,1
201809180606,2085 18th Avenue,2019/12/02,CFC,1
201502138305,3334 San Bruno Avenue,2019/12/03,CFC,1
201612286082,1813 15th Street,2019/12/03,CFC,1
201801239315,941 Page Street,2019/12/06,CFC,1
200703307744,1225 Dolores Street,2019/12/10,CFC,1
201608104715,20 Downey Street,2019/12/11,CFC,1
201406249203,6635 03rd Street,2019/12/11,CFC,3
201407221872,3198 Market Street,2019/12/12,CFC,1
201606109680,905 Capp Street,2019/12/12,CFC,1
201912109104,1375 43rd Avenue,2019/12/17,CFC,1
201912169624,1030 Washington Street,2019/12/17,CFC,1
201708074108,895-897 37th Avenue,2019/12/18,CFC,1
201609278885,2942 Franklin Street,2019/12/19,CFC,4
201604114417,1948 Quesada Avenue,2019/12/19,CFC,1
201604114413,1952 Quesada Avenue,2019/12/19,CFC,1
201809251280,720 Elizabeth Street,2019/12/19,CFC,1
201811075266,4033A Ortega Street,2019/12/20,CFC,1
201710121024,2832 Bryant Street,2019/12/20,CFC,1
200504200419,1300 Eddy Street,2019/12/20,CFC,1
201703292659,880 Oak Street,2019/12/23,CFC,1
201611072097,5211 Mission Street,2019/12/23,CFC,1
201607111977,4334 Fulton Street,2019/12/24,CFC,1
201604124546,476 Noe Street,2019/12/24,CFC,1
201812178524,167A Valdez Avenue,2019/12/26,CFC,1
201512144956,7 Kirkwood Avenue,2019/12/26,CFC,1
201512145031,9 Kirkwood Avenue,2019/12/26,CFC,1
201512145032,11 Kirkwood Avenue,2019/12/26,CFC,1
201512145033,15 Kirkwood Avenue,2019/12/26,CFC,1
201512145035,17 Kirkwood Avenue,2019/12/26,CFC,1
201512145036,19 Kirkwood Avenue,2019/12/26,CFC,1
201512145037,21 Kirkwood Avenue,2019/12/26,CFC,1
201512145038,23 Kirkwood Avenue,2019/12/26,CFC,1
201512145020,25 Kirkwood Avenue,2019/12/26,CFC,1
201501145722,3 Kirkwood Avenue,2019/12/27,CFC,1
201512144931,5 Kirkwood Avenue,2019/12/27,CFC,1
201607071765,240 Chattanooga Street,2019/12/30,CFC,6
201903286529,240 Chattanooga Street,2019/12/30,CFC,1
201812289306,565 Page Street,2019/12/31,CFC,1
201507232246,714 Kansas Street,2019/12/31,CFC,1
201712287527,1045 Cabrillo Street,2020/01/08,Initial TCO,2
201612215523,1150 3rd Street,2020/01/30,Initial TCO,119
201407181635,647 Duncan Street,2020/01/03,CFC,1
202001021182,80 Crestline Drive,2020/01/03,CFC,1
201602099105,1706 Grove Street,2020/01/07,CFC,1
201509096511,3130 Webster Street,2020/01/07,CFC,1
201807305938,943 Page Street,2020/01/07,CFC,1
201608266124,619 Clayton Street,2020/01/08,CFC,1
201804257342,255A minerva Street,2020/01/09,CFC,1
201811095495,3015A 25th Avenue,2020/01/10,CFC,1
201812198816,2719 35th Avenue,2020/01/10,CFC,1
201809129915,2814 Harrison Street,2020/01/10,CFC,1
201705166754,1301 Baker Street,2020/01/10,CFC,1
201805300459,266 Coleridge Street,2020/01/15,CFC,1
201609016626,487 Dolores Street,2020/01/16,CFC,2
201306210141,363 21st Avenue,2020/01/17,CFC,3
201406067701,1170 Rhode Island Street,2020/01/17,CFC,1
201804196783,1666 48th Avenue,2020/01/21,CFC,1
201810173405,655 Kansas Street,2020/01/22,CFC,1
201703242322,2560 21st Avenue,2020/01/22,CFC,1
201904107639,1955A 35th Avenue,2020/01/23,CFC,1
201902122702,565 Page Street,2020/01/24,CFC,1
201711093657,1019 Ashbury Street,2020/01/27,CFc,1
201801047829,496A Urbano Drive,2020/01/28,CFC,1
201911187612,2177-2181 O'Farrell Street,2020/01/29,CFC,1
201501145723,580 Hudson Avenue,2020/01/29,CFC,1
201512145015,584 Hudson Avenue,2020/01/29,CFC,1
201512145016,588 Hudson Avenue,2020/01/29,CFC,1
201512145017,592 Hudson Avenue,2020/01/29,CFC,1
201512145018,594 Hudson Avenue,2020/01/29,CFC,1
201512145024,598 Hudson Avenue,2020/01/29,CFC,1
201712287527,1045 Cabrillo Street,2020/01/29,CFC,2
201903276450,1749 Cayuga Street,2020/01/31,CFC,1
201603031058,1601 Mariposa Street,2020/02/03,Amended TCO,8
201503110506,500 Folsom Street,2020/02/25,Amended TCO,166
201603010904,210 Arkansas Street,2020/02/28,Initial TCO,40
201512145016,588 Hudson Avenue,2020/02/05,CFC,1
201703151489,4847-4849 Mission Street,2020/02/05,CFC,1
201311061273,580 Capp Street,2020/02/07,CFC,3
201701247775,1633-1639 Washington Street,2020/02/07,CFC,3
201701318332,54 Naples Street,2020/02/10,CFC,1
201709077223,126-128 Venus Street,2020/02/11,CFC,1
201611173035,400 Anza Street,2020/02/11,CFC,5
201902072313,1608 Cayuga Avenue,2020/02/11,CFC,1
201807265589,649 Francisco Street,2020/02/12,CFC,1
201608296273,331 27th Avenue,2020/02/13,CFC,1
201910295819,376-380 Union Street,2020/02/13,CFC,1
201909121441,431-433A 2nd Avenue,2020/02/13,CFC,1
201712055510,2589 San Bruno Avenue,2020/02/13,CFC,1
201707051026,362 28th Avenue,2020/02/18,CFC,1
201502027205,540 Cole Street,2020/02/18,CFC,1
201908269782,2 Geneva Avenue,2020/02/19,CFC,1
201806273094,2 Geneva Avenue,2020/02/19,CFC,1
201801319973,2 Geneva Avenue,2020/02/19,CFC,1
201705166655,366 Sussex Street,2020/02/19,CFC,1
201704063407,1101-1107 Phelps/1791 La Salle,2020/02/19,CFC,4
201606230733,297 Sagamore Street,2020/02/20,CFC,1
201606230749,299 Sagamore Street,2020/02/20,CFC,1
201804267500,715 Sargent Street,2020/02/21,CFC,1
201903195622,462 Green Street,2020/02/24,CFC,1
201712287567,507 26th Avenue,2020/02/24,CFC,2
201910033402,254 Ivy Street,2020/02/28,CFC,1
201606200387,1500 Mission Street,2020/03/09,Initial TCO,247
201611213210,2224 Clement Street,2020/03/12,Initial TCO,12
201603010904,210 Arkansas Street,2020/03/13,Amended TCO,106
201810244011,28 Waterville Street,2020/03/04,CFC,1
201805290310,363 12th Avenue,2020/03/03,CFC,1
201901180803,867 47th Avenue,2020/03/05,CFC,1
201410280037,268 Grandview Avenue,2020/03/06,CFC,1
201901110203,1650A 11th Avenue,2020/03/06,CFC,1
201904309256,436A Noe Street,2020/03/10,CFC,1
200403309962,711 Peru Avenue,2020/03/10,CFC,1
201605268527,245 11th Avenue,2020/03/12,CFC,2
201803224304,534 Woolsey Street,2020/03/12,CFC,1
201405296982,127 Edgehill Way,2020/03/13,CFC,1
201707141953,1604 Treat Avenue,2020/03/13,CFC,1
201905302068,2522 Post Street,2020/03/13,CFC,1
201802151458,2861 Folsom Street,2020/03/16,CFC,1
201802151457,2857 Folsom street,2020/03/20,CFC,1
201603303454,1135 Stanyan Street,2020/03/24,CFC,2
202001282898,2000 Newhall Street,2020/03/24,CFC,1
201908128470,5858 Mission Street,2020/03/25,CFC,1
201512094574,1545-1549 Clement Street,2020/03/31,CFC,3
201406239109,2000 Bryant Street,2020/04/01,Amended TCO,175
201406128212,1066 Market Street,2020/04/24,Initial TCO,303
201606200387,1550 Mission Street,2020/04/30,Amended TCO,233
201701177275,1591 Page Street,2020/04/01,CFC,2
201810183611,163A Paris Street,2020/04/07,CFC,1
201811075270,51-53 Iris Avenue,2020/04/23,CFC,1
201907115634,310 Delano Avenue,2020/04/29,CFC,1
201708306453,670 Lombard Street,2020/04/30,CFC,2
201406259481,160 Folsom Street,2020/05/05,Initial TCO,174
201712156664,2444 Lombard Street,2020/05/12,Initial TCO,41
201601126880,25 Grace Street,2020/05/20,Initial TCO,11
201601126879,37 Grace Street,2020/05/20,Initial TCO,11
201811216572,19 Regent Street,2020/05/01,CFC,1
201609168044,1480 Waller Street,2020/05/07,CFC,1
201609218436,1264 17th Avenue,2020/05/15,CFC,1
201803012589,508A Sanchez Street,2020/05/18,CFC,1
201607212944,721 Ashbury Street,2020/05/18,CFC,3
201703211947,326 Pierce Street,2020/05/19,CFC,2
201912058799,1475A 19th Avenue,2020/05/19,CFC,1
201712156664,2444 Lombard Street,2020/05/21,CFC,2
201809261482,210 Frederick Street,2020/05/21,CFC,1
201706230280,54-56 Laura Street,2020/05/22,CFC,1
201807235270,56A Nantucket Avenue,2020/05/26,CFC,1
201812289349,491 Sunrise Way,2020/05/26,CFC,1
201705267790,252 16th Avenue,2020/05/27,CFC,1
201611041967,700 12th Avenue,2020/05/27,CFC,3
201809059149,1582A 46th Avenue,2020/05/28,CFC,1
201305036062,555 Fulton Street,2020/06/12,Amended TCO,4
201406259481,160 Folsom Street,2020/06/18,Amended TCO,192
201603010904,210 Arkansas Street,2020/06/22,Amended TCO,4
201612285989,2465 Van Ness Avenue,2020/06/23,Initial TCO,41
201603152080,302 Silver Avenue,2020/06/29,Initial TCO,188
201601278125,390 1st Street,2020/06/30,Initial TCO,176
201609168040,1480 Waller Street,2020/06/02,CFC,1
201804116129,2883A Bush Street,2020/06/02,CFC,1
201711284922,2201 California Street,2020/06/02,CFC,1
201905029549,842 Rhode Island Street,2020/06/04,CFC,1
201502128193,534 Natoma Street,2020/06/05,CFC,1
201810112898,51 Scott Street,2020/06/05,CFC,1
201808248251,1773 11th Avenue,2020/06/08,CFC,1
201805118890,1295 47th Avenue,2020/06/08,CFC,4
201907297160,823 Russia Avenue,2020/06/10,CFC,1
201701066676,1017 Brussels Street,2020/06/12,CFC,1
201502107867,540 De Haro Street,2020/06/15,CFC,16
201901230981,507 4th Avenue,2020/06/19,CFC,1
201910305967,5 Fielding Street,2020/06/23,CFC,1
201906133393,737 Victoria Street,2020/06/24,CFC,1
201512175322,1010 Stanyan Street,2020/06/26,CFC,4
201510169944,1631 Oakdale Avenue,2020/06/29,CFC,2
201607142327,3620 Cesar Chavez,2020/06/30,CFC,24
201907257001,341A Day Street,2020/06/30,CFC,1
201606200387,1500 Mission Street,2020/07/06,Amended TCO,62
201406259481,160 Folsom Street,2020/07/17,Amended TCO,20
201306210213,2171 3rd Street,2020/07/15,Initial TCO,104
201402047761,2898 Sloat Boulevard,2020/07/29,Initial TCO,15
201609077001,756 Page Street,2020/07/02,CFC,2
201607051548,218 27th Avenue,2020/07/02,CFC,3
201708255949,129 Julian Avenue,2020/07/06,CFC,1
201705085986,46 Digby Street,2020/07/07,CFC,1
201711284922,2201 California Street,2020/07/08,CFC,1
201812279276,266A Sagamore Street,2020/07/08,CFC,1
201709269586,517 17th Avenue,2020/07/08,CFC,1
201609066826,42 Dorantes Avenue,2020/07/09,CFC,1
201609137606,497 29th Street,2020/07/09,CFC,1
201712156574,2463 19th Avenue,2020/07/10,CFC,1
201611293690,2744 Balboa Street,2020/07/10,CFC,1
201505085845,1651 Larkin Street,2020/07/14,CFC,1
201904188411,1324 8th Avenue,2020/07/15,CFC,2
201810193736,1258 Leavenworth Street,2020/07/17,CFC,1
202003056258,2338-2340 19th Avenue,2020/07/20,CFC,2
202003056260,2346-2348 19th Avenue,2020/07/20,CFC,2
202003056259,2342-2344 19th Avenue,2020/07/20,CFC,2
202003056263,2350-2352 19th Avenue,2020/07/20,CFC,2
202003056261,2354-2356 19th Avenue,2020/07/20,CFC,2
201904238731,684  37th Avenue,2020/07/22,CFC,1
201312134205,3721 21st Avenue,2020/07/23,CFC,1
201407302522,3121-3123 Folsom Street,2020/07/24,CFC,2
201802050353,284 Roosevelt Way,2020/07/27,CFC,2
201903155375,657 36th Avenue,2020/07/29,CFC,1
201702280349,2263A 41st Avenue,2020/07/30,CFC,1
201402047761,2898 Sloat Boulevard,2020/08/03,Initial TCO,15
201305036062,555 Fulton Street,2020/08/04,Amended TCO,1
201606200387,1500 Mission Street,2020/08/05,Amended TCO,8
201603031058,1601 Mariposa Street,2020/08/10,Amended TCO,1
201802161503,188 Hooper Street,2020/08/11,Initial TCO,280
201603152080,302 Silver Aveneu,2020/08/12,Amended TCO,10
201309257711,2290 3rd Street,2020/08/13,Initial TCO,71
201610059557,188 octavia Street,2020/08/28,Initial TCO,28
201601278125,390 1st Street,2020/08/28,Amended TCO,1
201705025455,1301 16th Street,2020/08/27,Initial TCO,160
201903226074,381 Teresita Boulevard,2020/08/03,CFC,1
201904047160,511A 39th Avenue,2020/08/03,CFC,1
201901100077,124-132 Waverly Place,2020/08/04,CFC,1
201811014796,1910 Golden Gate Avenue,2020/08/05,CFC,1
200806275518,339 18th Aveneue,2020/08/06,CFC,2
201709016778,1719 17th Avenue,2020/08/06,CFC,1
201603293298,4466 24th Street,2020/08/06,CFC,1
201612225774,160 Connnecticut Street,2020/08/07,CFC,2
201901170573,1529 29th Avenue,2020/08/07,CFC,1
201801128565,1856 Pacific Avenue,2020/08/11,CFC,1
201709259507,92 Concord Street,2020/08/12,CFC,1
201812037353,250 21st Avenue,2020/08/14,CFC,1
201703070870,372 Quintara Street,2020/08/14,CFC,1
201604064070,534 leland Avenue,2020/08/14,CFC,1
201902082516,20A Entrada Court,2020/08/15,CFC,1
201801239235,2215 Rivera Street,2020/08/20,CFC,1
201812198794,4407 20th Street,2020/08/20,CFC,1
201406067695,701 Taraval Street,2020/08/25,CFC,3
201710131207,104 Guerrero Street,2020/08/26,CFC,3
201609228561,2390 34th Avenue,2020/08/26,CFC,1
201602109299,1262 Union Street,2020/08/27,CFC,3
201810153234,1735A 23rd Avenue,2020/08/28,CFC,1
201905211326,115 Brighton Avenue,2020/08/31,CFC,1
201712015291,950 Tennessee,2020/09/02,Initial TCO,100
201312204747,706 Mission Street,2020/09/03,Initial TCO,47
201609218371,1950 Mission Street,2020/09/11,Initial TCO,35
201406259481,160 Folsom Street,2020/09/17,Amended TCO,6
201402047761,2898 Slloat Boulevard,2020/09/23,Amended TCO,18
201705055847,200 Van Ness Avenue,2020/09/30,Initial TCO,145
201609016554,1531 6th Avenue,2020/09/02,CFC,1
201310038419,1801 Mission Street,2020/09/02,CFC,17
201902011886,1970 21st Avenue,2020/09/02,CFC,1
201603010904,210 Arkansas Street,2020/09/03,CFC,4
201901251263,373 Sawyer Street,2020/09/08,CFC,1
201905241708,644A Silver Avenue,2020/09/08,CFC,1
201604134664,15 Guy Place,2020/09/09,CFC,2
201312315425,2 Byron Court,2020/09/10,CFC,1
201701268022,815-815A Lyon Street,2020/09/14,CFC,1
201902062294,2955 Cesar Chavez Street,2020/09/15,CFC,1
201607273516,1315A 14th Avenue,2020/09/17,CFC,1
201704194329,668 Oak Street,2020/09/18,CFC,4
201710302604,718A Geneva Avenue,2020/09/18,CFC,1
201706220138,625 Guerrero Street,2020/09/21,CFC,1
201804247175,72 Sears Street,2020/09/22,CFC,1
201804277617,334B 19th Avenue,2020/09/22,CFC,1
201708023666,451 Buena Vista East Avenue,2020/09/25,CFC,1
201607213023,160 San Carlos Avenue,2020/09/28,CFC,2
201604074244,1700 Market Street,2020/10/06,Initial TCO,42
201510281089,950 Gough Street,2020/10/07,Initial TCO,75
201602179763,345 6th Street,2020/10/08,Initial TCO,102
201702280331,363 6th Street,2020/10/08,Initial TCO,104
201010052342,490 South Van Ness,2020/10/09,Initial TCO,7
201609218371,1950 Mission Street,2020/10/21,Amended TCO,115
201705025458,333 12th Street,2020/10/21,Initial TCO,104
201705025455,1301 16th Street,2020/10/27,Amended TCO,12
201703201864,322 Mansell Street,2020/10/01,CFC,1
201511303726,1342 York Street,2020/10/05,CFC,1
201612306302,929 Brazil Street,2020/10/05,CFC,1
201807104092,225A grafton Aveneue,2020/10/06,CFC,1
201912058774,688 Haight Street,2020/10/06,CFC,1
201712126289,1410 Hudson Avenue,2020/10/07,CFC,1
201803204178,2002 Pierce Street,2020/10/08,CFC,2
201712015283,411 Pierce Street,2020/10/09,CFC,1
201608296300,274A Victoria Street,2020/10/13,CFC,1
201905080187,2845 Moraga Street,2020/10/13,CFC,2
201611102401,334 3rd Avenue,2020/10/14,CFC,4
201809059203,875 Clayton Street,2020/10/15,CFC,1
201710191674,825 York Street,2020/10/16,CFC,1
201701177298,158-160 Caselli Avenue,2020/10/19,CFC,2
201812047387,445-447 Ramsell Street,2020/10/19,CFC,1
201903276340,2270 21st Avenue,2020/10/20,CFC,1
201802131184,29 Ledyard Street,2020/10/21,CFC,1
201504224286,2829 25th Street,2020/10/22,CFC,4
201605137455,52A Landers Street,2020/10/23,CFC,1
201905019423,250-252 10th Avenue,2020/10/23,CFC,2
201905231489,463 12th Avenue,2020/10/26,CFC,1
201805310651,3844 Irving Street,2020/10/26,CFC,1
201612215553,840 Van Ness Avenue,2020/10/28,CFC,2
202007130022,1657 Clement Street,2020/10/28,CFC,1
201907176184,2619A 22nd Street,2020/10/29,CFC,1
201505126140,118A Holloway Avenue,2020/10/29,CFC,1
201805108747,824 Hyde Street,2020/10/30,CFC,14
202006249036,100 Terra Vista Avenue,2020/10/30,CFC,1
201406239109,2000 Bryant Street,2020/11/06,Amended TCO,19
201406249298,119 17th Street,2020/11/17,Initial TCO,39
201512316246,225 Shipley Street,2020/11/17,Initial TCO,9
201601278125,390 1st Street,2020/11/23,Amended TCO,3
201312204747,706 Mission Street,2020/11/25,Amended TCO,68
201704204504,1251 Hyde Street,2020/11/04,CFC,3
201901079741,328 Pennsylvania Street,2020/11/05,CFC,2
201806051065,466 Frederick Street,2020/11/06,CFC,1
201802211870,1318 18th Street,2020/11/09,CFC,1
201903205790,1820A Mason Street,2020/11/12,CFC,1
201908057880,1845 San Jose Avenue,2020/11/13,CFC,1
201906123230,8A Dunsmuir Street,2020/11/16,CFC,1
201901099960,430 1st Avenue,2020/11/16,CFC,1
201312174396,3040 24th Street,2020/11/16,CFC,1
201804136343,1459 Revere Avenue,2020/11/19,CFC,1
201407090811,2815 Polk Street,2020/11/19,CFC,3
201810264291,275 Oak Street,2020/11/20,CFC,2
201611223370,718 Morse Street,2020/11/20,CFC,1
201911278337,731 Judah Street,2020/11/23,CFC,1
201805148992,180 11th Avenue,2020/11/25,CFC,2
201707101417,955 post Street,2020/11/25,CFC,2
201503130811,974 geneva Avenue,2020/11/25,CFC,3
201406259481,160 Folsom Street,2020/12/15,Amended TCO,6
201312204747,706 Mission Street,2020/12/18,Amended TCO,31
201405276744,1452 Broadway,2020/12/23,Initial TCO,7
201612285988,2301 Lombard Street,2020/12/24,Initial TCO,22
201711154101,735 Davis Street,2020/12/29,Initial TCO,53
201612235821,235 Vallencia Street,2020/12/31,Initial TCO,40
201608124850,4-6 Divisadero Street,2020/12/01,CFC,1
201802080780,446C Vallejos Street,2020/12/01,CFC,1
201802090957,234 Lisbon Street,2020/12/02,CFC,1
201410249874,938-940 Santiago Street,2020/12/03,CFC,1
201812249094,1118A Capitol Avenue,2020/12/09,CFC,1
201310169408,1271-1273 19th Avenue,2020/12/09,CFC,2
202008282856,24 Somerset Street,2020/12/11,CFC,1
201805078368,1276 Geneva Avenue,2020/12/15,CFC,1
201602129564,1154 Kearny Street,2020/12/15,CFC,1
201512316217,1058 Mississippi Street,2020/12/16,CFC,2
201811206393,1152 Fell Street,2020/12/16,CFC,1
201806121624,4345 Clement Street,2020/12/17,CFC,1
201807033723,9 University Street,2020/12/18,CFC,1
201404183603,852 Green Street,2020/12/18,CFC,1
201710242133,1851C Stockton Street,2020/12/21,CFC,1
201910083888,1336A Green Street,2020/12/22,CFC,1
201701268017,478 Collingwoo Street,2020/12/29,CFC,1
201905150689,459 Crestmont Drive,2020/12/29,CFC,1
201906274608,48 Miraloma Drive,2020/12/30,CFC,1
201605036398,711 Corbett Avenue,2020/12/30,CFC,2
201508124039,245A Brighton Avenue,2021/01/06,CFC,1
201605066788,357 Tocoloma Avenue,2021/01/06,CFC,1
201904157990,544 Moscow Street,2021/01/06,CFC,1
200412131315,187 Tioga Avenue,2021/01/08,CFC,1
200412131313,189 Tioga Avenue,2021/01/08,CFC,1
201905231583,57-57A Peters Avenue,2021/01/11,CFC,1
201612215540,750 OFarrell Street,2021/01/12,CFC,5
201602018430,489 30th Street,2021/01/13,CFC,1
201807033696,1461 19th Avenue,2021/01/13,CFC,1
201810244018,55 Fair Avenue,2021/01/14,CFC,1
201802131174,522 Oak Street,2021/01/14,CFC,1
201612306332,2518 14th Avenue,2021/01/14,CFC,1
201406279813,323 Lombard Street,2021/01/20,CFC,1
201805240036,269 Avila Stret,2021/01/28,CFC,1
201612013928,1840A 24th Avenue,2021/01/28,CFC,1
201810032178,215A Montana nStreet,2021/01/29,CFC,1
201907155917,462 23rd Avenue,2021/01/29,CFC,1
201808147256,3475 16th Street,2021/01/29,CFC,2
201705166698,1085 Washington Street,2021/01/29,CFC,4
201310088785,34 Langton Street,2021/02/09,Initial TCO,5
201705025458,333 12th Street,2021/02/11,Amended TCO,96
201511203273,1145 Polk Street,2021/02/26,Initial TCO,54
201710110918,490 South Van Ness Ave,2021/02/01,CFC,74
201706260384,139 Lakeshore Drive,2021/02/02,CFC,1
201704043107,326 Naples Street,2021/02/04,CFC,1
201312315382,1208 Egbert Avenue,2021/02/04,CFC,1
201808278397,539-541 5th Avenue,2021/02/05,CFC,1
201703030667,1053A-1053B Tennessee Street,2021/02/08,CFC,1
201804025248,1372A Natoma Street,2021/02/09,CFC,1
201804025247,1376A Natoma Street,2021/02/09,CFC,1
201912230283,14A Ulloa Street,2021/02/11,CFC,1
201708043897,79 Cragmont Avenue,2021/02/18,CFC,1
201810092565,319 Mullen Avenue,2021/02/19,CFC,1
201607071808,348 Waller Street,2021/02/19,CFC,2
201903205814,511B Eureka Street,2021/02/22,CFC,2
202002103998,1711 Baker Street,2021/02/22,CFC,1
201903185578,710 Hayes Street,2021/02/23,CFC,1
201805038078,1324 Chestnut Street,2021/02/25,CFC,1
201901089866,2362A 42nd Avenue,2021/02/25,CFC,1
201802151439,10 Nobles Alley,2021/02/26,CFC,1
201707141936,2150 Hayes Street,2021/02/26,CFC,3
201611303815,2500 Turk Street,2021/03/05,Initial TCO,84
201611303820,2698 Turk Street,2021/03/05,Initial TCO,71
201904057203,740 Green Street,2021/03/15,Initial TCO,1
201508265383,1174 Folsom Street,2021/03/17,Initial TCO,42
201405276744,1452 Broadway,2021/03/22,Amended TCO,1
201804196818,691 China Basin,2021/03/29,Initial TCO,152
201603091627,875 California Street,2021/03/30,Amended TCO,12
201711154095,88 Broadway,2021/03/31,Initial TCO,125
201907166073,3909 Irving Street,2021/03/04,CFC,1
201803022725,36 Roach Street,2021/03/05,CFC,1
201803022729,2033 Taylor Street,2021/03/05,CFC,1
201906254362,1516 Larkin Street,2021/03/05,CFC,1
201803163941,1599 Oak Street,2021/03/08,CFC,1
201712156653,555 Golden Gate Avenue,2021/03/10,CFC,55
201908300381,81 Whittier Street,2021/03/12,CFC,1
201704204482,470 23rd Avenue,2021/03/12,CFC,1
201805017882,2350 Washington Street,2021/03/12,CFC,1
201803295045,2350 Washington Street,2021/03/12,CFC,1
201702038639,1405 15th Street,2021/03/15,CFC,1
201912179713,1746 Revere Avenue,2021/03/15,CFC,1
201908158950,1965A Quint Street,2021/03/15,CFC,1
201705318064,2338-2340 Union Street,2021/03/16,CFC,3
201901301669,3005-3007 San Bruno Avenue,2021/03/17,CFC,1
201708043911,18-20 Navajo Avenue,2021/03/18,CFC,1
201712015280,419 Pierce Street,2021/03/19,CFC,1
201702018360,792 Capp Street,2021/03/19,CFC,4
201607202820,955 Pine Street,2021/03/23,CFC,1
201806262947,3550 22nd Street,2021/03/24,CFC,1
201810264328,740 Rhode Island,2021/03/25,CFC,2
201512044244,323-325 29th Avenue,2021/03/26,CFC,2
201706028289,2350 Union Street,2021/03/31,CFC,3
201802060511,2346 Union Street,2021/03/31,CFC,2
201805108844,748 Page Street,2021/03/31,CFC,2
201607253262,1532 Harrison Street,2021/04/28,Initial TCO,136
201608054294,2070 Folsom Street,2021/04/30,Initial TCO,127
201703292679,811 Butrnett Avenue,2021/04/01,CFC,1
201703211980,1300 Masonic Avenue,2021/04/02,CFC,1
202002073913,125-127 Valdez Avenue,2021/04/05,CFC,1
201807114327,232 Clipper Street,2021/04/06,CFC,2
201609228509,1108-1118 Lake Street,2021/04/07,CFC,1
201901100011,1723A 24th Avenue,2021/04/07,CFC,1
201611042024,3190 San Bruno Avenue,2021/04/07,CFC,3
201903084809,24 Woodland Avenue,2021/04/08,CFC,1
201708144773,161 Noe Street,2021/04/09,CFC,1
201608034060,1165 Franklin Street,2021/04/09,CFC,2
201908148817,1743 12th Avenue,2021/04/09,CFC,1
201508184576,77 Belgraqve,2021/04/12,CFC,1
202008051121,385A Athens Street,2021/04/12,CFC,1
201902263838,1470 12th Avenue,2021/04/12,CFC,1
201903296637,1470 12th Avenue,2021/04/12,CFC,1
201607152516,3701 Noriega Street,2021/04/12,CFC,12
201703091131,129 Fair Oaks Street,2021/04/13,CFC,2
201703222069,1413 15th Street,2021/04/14,CFC,1
201903195643,3935 A 18th Street,2021/04/14,CFC,1
201708023675,461 Sanchez Street,2021/04/15,CFC,1
201911126944,2136 Alemnay Street,2021/04/16,CFC,1
201709229307,30 Rausch Street,2021/04/19,CFC,1
201710020122,30 Rausch Street,2021/04/19,CFC,1
201712065684,856 Capp Street,2021/04/19,CFC,9
201802010108,159 Castro Street,2021/04/19,CFC,1
201606109695,1658A 10th Avenue,2021/04/19,CFC,1
201912068961,88A Raymond Avenue,2021/04/22,CFC,1
201503110506,500 Folsom Street,2021/04/23,CFC,11
201908148769,1424 York Street,2021/04/23,CFC,1
201610251069,2146-2150 Union Street,2021/04/23,CFC,4
201905039747,279 Sadowa Street,2021/04/26,CFC,1
201804045541,2779 Folsom Street,2021/04/26,CFC,5
201901079748,79 Farnsworth Lane,2021/04/27,CFC,1
201905080148,206-208 Monterey Boulevard,2021/04/27,CFC,1
201808167569,1391A Sutter Street,2021/04/27,CFC,1
201808167562,1391B Shafter Avenue,2021/04/27,CFC,2
201608154972,106 Leese Street,2021/04/28,CFC,1
201804277571,129 18th Avenue,2021/04/29,CFC,1
201804277640,1140 Harrison Street,2021/05/25,Initial TCO,129
201902213528,766-768 30th Avenue,2021/05/03,CFC,1
201804055587,990 Bay Street,2021/05/05,CFC,1
201807255566,2539 Lombard Street,2021/05/10,CFC,1
201703312952,290 16th Avenue,2021/05/11,CFC,1
201707111490,2166 Hayes Street,2021/05/12,CFC,3
201805118914,278-280 15th Avenue,2021/05/13,CFC,1
201603081509,501 Noriega Street,2021/05/13,CFC,1
200909237457,128 Elsie Street,2021/05/20,CFC,1
201507080931,969 Pine Street,2021/05/20,CFC,2
201805179444,1359 Hayes Street,2021/05/20,CFC,3
201404143170,2582 Filbert Street,2021/05/21,CFC,1
201906102973,3459A Mission Street,2021/05/24,CFC,2
201705267808,3848 Sacramneto Street,2021/05/24,CFC,1
201510301277,331 Pennsylvania Avenue,2021/05/25,CFC,7
201911207817,1815A 40th Avenue,2021/05/25,CFC,1
201609218371,1950 Mission Street,2021/05/25,CFC,7
201906284721,2981 21st Street,2021/05/25,CFC,1
201911268236,597 Naples Street,2021/05/26,CFC,1
201904016765,712A Delta Street,2021/05/27,CFC,1
201402198846,3324 19th Street,2021/05/27,CFC,4
201510200292,777 Silver Avenue,2021/05/28,CFC,1
201511203265,1169 Market Street,2021/06/22,Initial TCO,502
201806040916,3001 24th Street,2021/06/30,Initial TCO,45
201912199992,387 26th Avenue,2021/06/03,CFC,1
201804126165,644A Judah Street,2021/06/03,CFC,1
201801057944,650 de Haro Street,2021/06/03,CFC,1
201702240069,1760 Golden Gate Avenue,2021/06/03,CFC,2
201310048576,2855 Filbert Street,2021/06/03,CFC,1
201612296166,4221 20th Street,2021/06/04,CFC,1
201711295058,2265 Beaach Street,2021/06/07,CFC,1
201703101249,1290 12th Aveneue,2021/06/08,CFC,1
201807255568,2538 Lombard Street,2021/06/08,CFC,1
201612296244,1235 Bay Street,2021/06/11,CFC,1
201706219957,248 Page Street,2021/06/15,CFC,3
201807255550,834-836 44th Avenue,2021/06/15,CFC,1
201803143663,65 Scott Street,2021/06/18,CFC,1
201604285973,755 Dolores Street,2021/06/18,CFC,1
201711295088,1139 Munich Street,2021/06/18,CFC,1
201812316246,225 Shipley Street,2021/06/21,CFC,9
201907055180,146A Saint Charles Avenue,2021/06/22,CFC,1
201812107892,333 Fillmore Street,2021/06/22,CFC,2
201809139983,679 London Street,2021/06/22,CFC,1
202106162541,1749 Dolores Street,2021/06/22,CFC,1
201907115624,719 Fillmore Street,2021/06/23,CFC,2
201903044303,1636 Kirkwood Avenue,2021/06/23,CFC,1
201610281361,18-28 Turk Murphy Lane,2021/06/24,CFC,6
201912169602,1580 Noriega Street,2021/06/25,CFC,3
201606291212,969 Burnett Avenue,2021/06/28,CFC,1
201511233357,1380-1380A Revere Avenue,2021/06/28,CFC,2
201206203038,2410 33rd Avenue,2021/06/28,CFC,10
201910094080,829 Broderick Street,2021/06/29,CFC,1
201807255514,2930A Lawton Street,2021/06/30,CFC,1
201611283577,30 Otis Street,2021/07/19,Initial TCO,200
201804277640,1140 Harrison Street,2021/07/23,Amended TCO,242
201604013681,75 Howard Street,2021/07/30,Initial TCO,120
201704144010,2175 15th Street,2021/07/02,CFC,1
201510230698,2306 Castro Street,2021/07/02,CFC,1
201911056503,70 Terra Vista Avenue,2021/07/07,CFC,6
201909242534,1146B Guerrero Street,2021/07/08,CFC,1
201902193270,1388A Alabama Street,2021/07/08,CFC,1
201805240061,1523 Franklin Street,2021/07/08,CFC,7
201911086868,288A Athens Street,2021/07/13,CFC,1
201709148164,641 Lisbon Street,2021/07/15,CFC,1
201702179712,653 28th street,2021/07/16,CFC,1
202107013654,416 Collingeood Street,2021/07/19,CFC,2
202003167137,1986 42nd Avenue,2021/07/19,CFC,1
201906244267,2901 Taraval Street,2021/07/19,CFC,1
201712055549,653 28th Street,2021/07/19,CFC,1
201712206997,116 Whittier Street,2021/07/20,CFC,1
201607051607,566 Fell Street,2021/07/20,CFC,3
201709219183,1730 12th Avenue,2021/07/20,CFC,1
201702038561,130 Graystone terrace,2021/07/21,CFC,3
201902122762,865A Duncan Street,2021/07/21,CFC,1
201608084425,2646A 46th Avenue,2021/07/21,CFC,1
201709259446,566 Fell Street,2021/07/22,CFC,3
201904269087,1506 Innes Avenue,2021/07/22,CFC,1
201608195596,462A 34th Avenue,2021/07/28,CFC,1
201704204439,510 B 26thAvenue,2021/07/28,CFC,1
201608195596,462A 34th Avene,2021/07/28,CFC,1
201704204439,510B 25th Avenue,2021/07/29,CFC,1
201706300808,975 Bryant Street,2021/08/06,Initial TCO,185
201611283577,30 Otis Street,2021/08/06,Amended TCO,195
201707051030,1990 Folsom Street,2021/08/06,Initial TCO,103
200712281474,1101 South Van Ness,2021/08/17,Initial TCO,3
201707051030,1990 Folsom Stret,2021/08/20,Amended TCO,40
201707121715,349 8th Street,2021/08/31,Initial TCO,38
201911056428,2626 Clement Street,2021/08/02,CFC,1
201710191697,73 Vandewater Street,2021/08/03,CFC,1
201901079733,349 Fillmore Street,2021/08/03,CFC,1
201812067655,132 Apolo Street,2021/08/04,CFC,1
201807255572,329B Frederick Street,2021/08/04,CFC,1
201603293285,4064 24th Street,2021/08/04,CFC,3
201707141931,2160 Hayes Street,2021/08/05,CFC,3
201612296189,840 Shotwell Street,2021/08/06,CFC,1
201906072904,556 5th Avenue,2021/08/09,CFC,1
201809261485,1424 Valencia Street,2021/08/11,CFC,3
202006018043,1983 San Jose Avenue,2021/08/09,CFC,1
201603293393,2 Modoc Avenue,2021/08/10,CFC,1
201910174744,65 Sanchez Street,2021/08/10,CFC,1
201703292743,1447 Washinton Street,2021/08/10,CFC,1
201711295016,1837 Oak Street,2021/08/10,CFC,2
201609278929,60 Sycamore Street,2021/08/12,CFC,2
202108126340,203-205 Russia Street,2021/08/12,CFC,1
201706149389,1251 8th Avenue,2021/08/12,CFC,2
202101152836,160 Parker Avenue,2021/08/13,CFC,1
201406300106,30 Beaumont Avenue,2021/08/18,CFC,1
201902223609,413 Lyon Street,2021/08/18,CFC,1
201508073719,943 York Street,2021/08/23,CFC,1
201812208920,1250 Taylor Street,2021/08/25,CFC,2
201606240826,18 Shotwell Street,2021/08/26,CFC,3
201712085863,2363 25th Avenue,2021/08/26,CFC,1
202107204775,162A Grand View Avenue,2021/08/27,CFC,1
201810032118,2618-2620 Balboa Street,2021/08/27,CFC,1
202107204773,162 Grand View Avenue,2021/08/30,CFC,1
201602089004,950 Market Street,2021/09/03,Initial TCO,216
201612275906,827 Kearny Street,2021/09/27,Initial TCO,1
202002073897,669-669A Marina Boulevard,2021/09/01,CFC,1
201904158035,4725 Irving Street,2021/09/02,CFC,1
201612124732,754-756 10th Avenue,2021/09/03,CFC,1
201703282554,85 Columbus Square St,2021/09/07,CFC,1
201707192403,285 Grand View Avenue,2021/09/08,CFC,1
201708255917,478-480 Warren Drive,2021/09/08,CFC,9
202107194657,2008A Keith Street,2021/09/08,CFC,1
201907236673,480 Warren Drive,2021/09/09,CFC,4
201307222452,1891-1893 Oakdale Avenue,2021/09/10,CFC,2
201704053304,2025 O'Farrell Street,2021/09/10,CFC,1
201803083182,4542-4544 Cabrillo Street,2021/09/10,CFC,1
201612215583,1312-1312A Paicific Avenue,2021/09/13,CFC,1
201910295915,1893 Oakdale,2021/09/15,CFC,1
201703060745,41 Rosemont Place,2021/09/16,CFC,1
201904057298,618 Andcver Street,2021/09/17,CFC,1
201707182284,460 22nd Avenue,2021/09/20,CFC,1
201912189918,3678 16th Street,2021/09/20,CFC,1
201807265592,28 Houston Street,2021/09/22,CFC,2
201511031542,2853-2855A Folsom Street,2021/09/23,CFC,1
201611082258,1715 Alabama Street,2021/09/23,CFC,1
202003126921,457 Tehama Street,2021/09/27,CFC,1
201702118267,891 Carolina Street,2021/09/27,CFC,1
201703242277,2420 Taraval Street,2021/09/27,CFC,2
201907155927,727 Goettingen Street,2021/09/29,CFC,1
201612306305,3465 25th Street,2021/10/01,Initial TCO,6
201612285985,830 Eddy Street,2021/10/26,Initial TCO,137
201602089004,950 Market Street,2021/10/29,Amended TCO,7
201905241632,647 35th Avenue,2021/10/01,CFC,1
201801269700,1310A 44th Avenue,2021/10/01,CFC,1
202002124248,1950 Franklin Street,2021/10/01,CFC,1
201906133337,61 Florentine Avenue,2021/10/04,CFC,1
201901099954,308 Crescent Avenue,2021/10/05,CFC,1
202109077864,76 Bruce Avenue,2021/10/06,CFC,1
202108096027,1736 18th Avenue,2021/10/07,CFC,1
201607212978,651 Scott Street,2021/10/08,CFC,3
201710040413,536 Mason Street,2021/10/12,CFC,
202006058195,530-532A Judah Street,2021/10/12,CFC,2
201704254820,80 Thor Avenue,2021/10/13,CFC,1
201902052143,651 Scott Street,2021/10/14,CFC,1
201809139975,777 6th Avenue,2021/10/15,CFC,1
201505075705,813 Lyon Street,2021/10/15,CFC,2
202002255313,130-130A Hamilton Street,2021/10/18,CFC,1
202002265491,155 Caledonia Streer,2021/10/19,CFC,1
201712126220,1339 16th Avenue,2021/10/19,CFC,1
201612296221,2152 Pine Street,2021/10/19,CFC,1
202008182053,138 Shawnee Avenue,2021/10/20,CFC,1
201511041763,941-945 Treat Street,2021/10/20,CFC,3
201511041768,949-953 Treat Street,2021/10/20,CFC,3
201911258136,2120 Golden Gate Avenue,2021/10/20,CFC,2
201912139573,3910-3912 24th Street,2021/10/21,CFC,1
201609016561,909 Page Street,2021/10/26,CFC,2
201512114902,1465 Revere Avenue,2021/10/26,CFC,1
201908300379,1742A La Salle Avenue,2021/10/26,CFC,1
202010086200,645A Velasco Avenue,2021/10/28,CFC,1
202011249607,4360 19th Street,2021/10/28,CFC,1
202002144575,271 Clinton park,2021/10/29,CFC,1
201711164189,313 Lexington Street,2021/10/29,CFC,1
202110271304,947 Innes Street,2021/10/29,CFC,1
201902112589,833 Bryant Street,2021/11/01,Initial TCO,146
201602089004,950 Market Street,2021/11/12,Amended TCO,19
201806202372,1501 Sunnydale Avenue,2021/11/19,Initial TCO,167
201903276411,64A Lamartine Street,2021/11/02,CFC,1
200704279893,106 Bache Street,2021/11/03,CFC,1
201908088280,1533-1537 Pacific Avenue,2021/11/03,CFC,1
201704063386,533 Clayton Street,2021/11/04,CFC,2
201903296600,6 Arleta Avenue,2021/11/09,CFC,1
201907246824,486 Funston Avenue,2021/11/09,CFC,3
201904117780,389A Teddy Avenue,2021/11/10,CFC,1
201907176127,863A Clayton Street,2021/11/10,CFC,1
202101122510,2049A San Jose Avenue,2021/11/15,CFC,1
202111021627,12 Niantic Avenue,2021/11/15,CFC,1
201712267366,133 Baker Street,2021/11/16,CFC,2
202111051895,427 Velasco Avenue,2021/11/16,CFC,1
201311192313,429 Grrand View,2021/11/17,CFC,1
201911258143,1640 Vallejo Street,2021/11/18,CFC,2
202111102186,87 Norton Street,2021/11/19,CFC,1
202111021624,8 Niantic Avenue,2021/11/19,CFC,1
201706149370,2400 17th Avenue,2021/11/22,CFC,4
202001293057,1062 Huron Avenue,2021/11/23,CFC,1
201805179462,1235A 21st Avenue,2021/11/23,CFC,1
201903125057,182 Saint Charles Avenue,2021/11/24,CFC,1
201701066630,2810-2816 22nd Street,2021/11/29,CFC,1
201602220182,1805 Buchanan Street,2021/11/30,CFC,6
201607142409,1001 Van ness Avenue,2021/12/07,Initial TCO,208
201808066535,434 Minna Street,2021/12/14,Initial TCO,302
201910164683,816 Shotwell Street,2021/12/01,CFC,1
200412131318,191 Tioga Avenue,2021/12/02,CFC,1
201709056945,3130 Broderick Street,2021/12/02,CFC,1
201906052617,54A Edgehill Way,2021/12/03,CFC,1
201909121498,34 Steiner Street,2021/12/06,CFC,3
201911016271,2366A 29th Avenue,2021/12/06,CFC,1
201804247274,878 Rhode Island Street,2021/12/07,CFC,1
201611303816,225 11th Avenue,2021/12/08,CFC,2
201607202801,734-738A Green Street,2021/12/08,CFC,1
201607253164,740 Green Street,2021/12/08,CFC,1
201801239223,2476 Diamond Street,2021/12/08,CFC,1
201904057203,740 Green Street,2021/12/09,CFC,1
201710121124,2285 Broadway,2021/12/10,CFC,3
201707252844,456A Lisbon Street,2021/12/13,CFC,1
201802201659,1179 Hayes Street,2021/12/13,CFC,1
201709087360,1355 Lombard Street,2021/12/13,CFC,1
202002073883,42A Miramar Avenue,2021/12/15,CFC,1
201701116993,2635 Sacramento Street,2021/12/16,CFC,1
201806263029,230 7th Street,2021/12/21,CFC,40
201810254164,381A Bartlett Street,2021/12/21,CFC,1
201801188911,920-920A Rutland Street,2021/12/22,CFC,1
201612225670,1064 Dolores Street,2021/12/22,CFC,2
201901291531,468 Valley Street,2021/12/22,CFC,2
202003116830,432A 35th Avenue,2021/12/23,CFC,1
201711012851,482 Gates Street,2021/12/23,CFC,1
201911197643,1327 South Van Ness Avene,2021/12/23,CFC,1
201912109100,1164A Alabama Street,2021/12/30,CFC,1
201707172085,1028 Market Street,2022/01/12,Initial TCO,193
201703080995,635 Scott Street,2022/01/20,Initial TCO,2
201909262805,150A Josiah Avenue,2022/01/03,CFC,1
201909262808,150B Josiah Street,2022/01/03,CFC,1
201912300975,1422 11th Avenue,2022/01/05,CFC,1
201712136357,2011 Sacramneto Street,2022/01/05,CFC,2
201903145222,2775 Market Street,2022/01/05,CFC,6
201912028408,852A 26th Avenue,2022/01/06,CFC,1
202003116776,1060 Pine Street,2022/01/07,CFC,2
201711073300,645A Peralta Avenue,2022/01/10,CFC,1
201702068659,102 San Jose Avenue,2022/01/11,CFC,1
201705257671,2112 28th Avenue,2022/01/11,CFC,1
202108025614,353-355 Girard Street,2022/01/13,CFC,1
201910184947,1544 Powell Street,2022/01/14,CFC,1
201910184946,1594 Powell Street,2022/01/14,CFC,1
202011209422,1231 30th Avenue,2022/01/21,CFC,2
201907035100,1671A 47th Avenue,2022/01/21,CFC,1
201708175151,5133 Geary Boulevard,2022/01/24,CFC,2
201908067974,35 Hiliritas Avenue,2022/01/25,CFC,1
201912109097,210 Montcalm Street,2022/01/25,CFC,1
201507060676,769 Tehama Street,2022/01/25,CFC,1
201705096094,1213 Hollister Avenue,2022/01/26,CFC,1
201605278561,4971A 17th Street,2022/01/26,CFC,1
201511303659,50 Gould Street,2022/01/28,CFC,1
201706290708,858 Stanyan Street,2022/02/02,Initial TCO,3
201904238718,123 Ripley Street,2022/02/01,CFC,1
201610130226,2264 Green Street,2022/02/01,CFC,2
201904117791,2106 27th Avenue,2022/02/02,CFC,1
201805179437,86 Waller Street,2022/02/07,CFC,1
201809241148,485-487 23rd Avenue,2022/02/08,CFC,1
201703091152,1421 10th Avenue,2022/02/09,CFC,5
201612275906,827 Kearny Street,2022/02/09,CFC,1
201602178150,2432 42nd Avenue,2022/02/11,CFC,1
201707111508,2355 Scott Street,2022/02/14,CFC,3
201708256017,4709 Lincoln Way,2022/02/15,CFC,1
202002245190,24 Cross Street,2022/02/22,CFC,1
201804136287,2466-2468 Great Highway,2022/02/22,CFC,1
201706290708,858 Stanyan Street,2022/02/24,CFC,3
201912311082,372  7th Avenue,2022/02/24,CFC,1
201805159092,756-758 35th Avenue,2022/02/25,CFC,2
202008182040,1559A 9th Avenue,2022/02/28,CFC,1
202202158042,158 Alhambra Street,2022/02/28,CFC,1
202011309801,846 42nd Avenue,2022/02/28,CFC,1
201406067752,1298 Howard Street,2022/03/09,Initial TCO,129
201705015335,2 Russia Avenue,2022/03/16,Initial TCO,8
201703302785,925 Pierce Street,2022/03/01,CFC,1
201703101258,4143 24th Street,2022/03/02,CFC,1
202001071380,1406A 21st Avenue,2022/03/03,CFC,1
201912230404,2567 31st Avenue,2022/03/03,CFC,1
202101122514,10A Restani Way,2022/03/04,CFC,1
201810193673,651-651A 24TH Avenue,2022/03/04,CFC,1
202103106283,1322A Wayland Street,2022/03/04,CFC,1
201906032330,1322 Wayland Street,2022/03/04,CFC,1
201810264245,424 Cole Street,2022/03/08,CFC,2
202010307844,562 39th Avenue,2022/03/09,CFC,1
202105271146,857 Elizabeth Street,2022/03/09,CFC,1
201711164199,138 Clinton Park,2022/03/16,CFC,2
201706129098,1477 California Street,2022/03/16,CFC,1
202201075549,2125 Anza Street,2022/03/18,CFC,1
201605117147,700 Central Avenue,2022/03/22,CFC,6
202010076040,1650A Plymouth Avenue,2022/03/25,CFC,1
201801309852,31 Harriet Street,2022/03/28,CFC,3
201906193907,152A Hartford Street,2022/03/30,CFC,1
202001061285,1251A Green Street,2022/03/30,CFC,1
202107023718,201 Girard Street,2022/03/30,CFC,1
202107275219,1436 Waller Street,2022/03/31,CFC,1
201511021443,88 Arkansas Street,2002/04/01,Initial TCO,127
201311222657,1554 Market Street,2022/04/11,Initial TCO,109
200603277584,1863 Mission Street,2022/04/11,Initial TCO,37
201701268036,71 Water Street,2022/04/14,Initial TCO,3
201703312940,2240 Market Street,2022/04/19,Initial TCO,44
201808137195,201 Macalla Road,2022/04/20,Initial TCO,123
201808137195,201 Macalla Road,2022/04/29,Amended TCO,1
201907115687,355 21st Avenue,2022/04/01,CFC,2
201712217176,2263 Sacramento Street,2022/04/01,CFC,2
202104309637,155 Mayfair Drive,2022/04/04,CFC,1
202203311312,1367-1369 Natoma Street,2022/04/04,CFC,1
201907186189,2046 44th Avenue,2022/04/04,CFC,1
201803214267,519 Cortland Avenue,2022/04/06,CFC,1
202203180365,321 7th Street,2022/04/07,CFC,1
201901180801,3527 18th Street,2022/04/08,CFC,2
201902052142,329 Moscow Street,2022/04/11,CFC,1
201701247741,701 Hampshire Street,2022/04/11,CFC,2
201905241706,1830 Alemany Boulevard,2022/04/11,CFC,116
202011179083,3099 22nd Street,2022/04/11,CFC,1
201809200878,1401 Noriega Street,2022/04/14,CFC,1
201907055182,1950 Franklin Street,2022/04/14,CFC,4
201806040902,1760A Quesada Avenue,2022/04/14,CFC,1
201712186770,3310 Mission Street,2022/04/14,CFC,8
201510281089,950 Gough Street,2022/04/15,CFC,20
202102114503,2651A 20th Street,2022/04/19,CFC,1
202102196936,3449A Fillmore Street,2022/04/20,CFC,1
201609198063,1959-1961 Oakdale Avenue,2022/04/21,CFC,2
201903135112,2246 Vicente Street,2022/04/22,CFC,1
201912311037,1179B Treat Avenue,2022/04/22,CFC,1
201612296165,2530 Fillmore Street,2022/04/27,CFC,2
201801118381,4230 18th Street,2022/04/27,CFC,12
202202077466,1838A Judah Street,2022/04/28,CFC,1
201809200883,464 43rd Avenue,2022/04/28,CFC,4
201806010822,33-37 Capra Way,2022/04/29,CFC,2
201901180804,388 Beale Street,2022/05/13,Initial TCO,13
201802211832,793 South Van Ness Avenue,2022/05/26,Initial TCO,75
201606149938,1379 Kansas Street,2022/05/03,CFC,1
201902153064,331-33 27th Street,2022/05/04,CFC,1
201703302802,42 Otis Street,2022/05/04,CFC,24
201612013962,1385 Greenwich Street,2022/05/05,CFC,1
201903135091,2545 Lyon Street,2022/05/05,CFC,1
202105281286,427 Lisbon Street,2022/05/09,CFC,1
201803143677,1428 Steiner Street,2022/05/10,CFC,1
201802020209,30 Valley Street,2022/05/12,CFC,1
202006098280,233A Shield Street,2022/05/16,CFC,1
201604255591,176-178 Mersey Street,2022/05/16,CFC,2
202006128494,4042 20th Street,2022/05/16,CFC,2
201912311107,1163 South van Ness Avenue,2022/05/19,CFC,3
202104208949,2163A 40th Avenue,2022/05/20,CFC,1
202002053643,3236 Jennings Street,2022/05/20,CFC,1
201706088863,924B Divisadero Street,2022/05/26,CFC,1
202012281784,2101 Bush Street,2022/05/27,CFC,4
201910184941,838A Darien Way,2022/05/27,CFC,1
201407252206,115-117 Plymouth Avenue,2022/05/31,CFC,4
201803133583,1033-1039 Sanchez Street,2022/05/31,CFC,1
201911127017,53 Colton Street,2022/06/22,Initial TCO,96
201408053094,198 Valencia Street,2022/06/23,Initial TCO,29
202005308025,686A Colby Street,2022/06/01,CFC,1
201911197691,1527 Ulloa Street,2022/06/01,CFC,1
202105200712,6273 3rd Street,2022/06/02,CFC,1
202006058191,225 Duboce Avenue,2022/06/02,CFC,3
202012019981,1351A 28th Avenue,2022/06/03,CFC,1
201509217541,1852 Fell street,2022/06/03,CFC,2
201709148190,155 Bartlett Street,2022/06/07,CFC,5
201907176166,1557a Noe Street,2022/06/07,CFC,1
201911086922,1288A 30th Avenue,2022/06/10,CFC,1
201911086921,1288A 30th Avenue,2022/06/10,CFC,1
201603041263,1831 31st Avenue,2022/06/10,CFC,1
202010076122,397A Vienna Street,2022/06/13,CFC,1
201406259383,800 Indiana Street,2022/06/16,CFC,158
202012151026,1615 9th Avenue,2022/06/21,CFC,1
202011128735,123 Ripley Street,2022/06/23,CFC,1
201710060601,1650 California Stret,2022/06/24,CFC,4
201812208919,1650 California Stret,2022/06/24,CFC,2
201908199216,1650 California Street,2022/06/24,CFC,1
201710030209,1865 Filbert Street,2022/06/24,CFC,1
201601066485,2175 Quesda Avenue,2022/06/28,CFC,1
201601137024,2179 Quesada Avenue,2022/06/28,CFC,1
201805159202,654 Castro Street,2022/06/29,CFC,2
202206287331,2160 22nd Street,2022/06/29,CFC,1
202009174392,38 Southwood Drive,2022/06/29,CFC,1
201811196247,750 Judah Street,2022/07/05,CFC,1
201605238133,1420 Jones Street,2022/07/07,CFC,2
202002205010,451 Union Street,2022/07/08,CFC,1
202001293007,840 Greenwich Street,2022/07/08,CFC,3
201901039599,1 Brady Street,2022/07/12,Initial TCO,93
201811196247,750 Judah Street,2022/07/05,CFC,1
202206247110,859 South Van Ness Avenue,2022/07/06,CFC,1
201605238133,1420 Jones Street,2022/07/07,CFC,2
202103116344,818A 24th Avenue,2022/07/08,CFC,1
202001293007,840 Greenwich Street,2022/07/08,CFC,3
202002205010,451 Union Street,2022/07/08,CFC,1
201807205125,4341 Kirkham Street,2022/07/11,CFC,1
202103116330,222 Madrid Street,2022/07/11,CFC,1
201908088343,955A Wisconsin Street,2022/07/11,CFC,2
201611162893,749A 18th Avenue,2022/07/25,CFC,1
201804126212,118 8th Avenue,2022/07/25,CFC,1
202007019449,24 Jasper Place,2022/07/26,CFC,1
201702088949,24 Jasper Place,2022/07/26,CFC,2
201710131190,456 8th Avenue,2022/07/26,CFC,1
202001021170,1170 South Van Ness Avenue,2022/07/26,CFC,1
201905291875,2426 Bryant Street,2022/07/29,CFC,2
201403100361,1335 Larkin Street,2022/08/02,Initial TCO,23
201901039599,1 Brady Street,2022/08/15,Amended TCO,49
201502269406,311 Grove Street,2022/08/16,Initial TCO,7
201802211851,681 Florida Street,2022/08/18,Initial TCO,130
201805038149,1555 Chestnut Street,2022/08/02,CFC,3
201811307144,723 Haight Street,2022/08/03,CFC,1
201912109138,1137 Potrero Street,2022/08/03,CFC,1
202002114183,550A 27th Avenue,2022/08/09,CFC,1
202106102072,1014-1016 Diamond Street,2022/08/09,CFC,1
202005308023,3549 Mission Street,2022/08/09,CFC,2
201812218971,432 Jackson Street,2022/08/12,CFC,1
201912300913,90 Dunsmuir Street,2022/08/15,CFC,1
201908088311,1455 Shafter Avenue,2022/08/15,CFC,1
202101202963,883 Urbano Drive,2022/08/17,CFC,1
202101223148,2932 Gough Street,2022/08/18,CFC,1
201901079714,5024 Fulton Street,2022/08/18,CFC,1
202109249107,2011 17th Avenue,2021/08/23,CFC,1
201910023384,935 O'Farrell Street,2022/08/23,CFC,1
201807194996,725 O'Farrell Street,2022/08/26,CFC,4
201710040393,2121 Mason Street,2022/08/31,CFC,1
201901281440,410 China Basin Street,2022/09/01,Initial TCO,132
201811145895,1125 Stevenson Street,2022/09/02,Initial TCO,64
201901039599,1 Brady Street,2022/09/08,Amended TCO,49
201703211958,110 Frederick Street,2022/09/16,Initial TCO,4
201901039599,1 Brady Street,2022/09/28,Amended TCO,4
201804136327,361 Turk Street,2022/09/28,Initial TCO,140
201810233860,1068 Mission Street,2022/09/30,Amended TCO,192
201911268279,60A Walter Street,2022/09/01,CFC,1
202011179019,501 Thornton Avenue,2022/09/06,CFC,1
201706260343,1285 9th Avenue,2022/09/08,CFC,1
201707212632,1285 8th Avenue,2022/09/08,CFC,2
201710040402,4 Newell Street,2022/09/09,CFC,1
201704113679,510A 26th Avenue,2022/09/12,CFC,1
201801098154,1712-1720 McAllister Street,2022/09/12,CFC,2
201810233892,2666A McAllister Street,2022/09/12,CFC,1
201604124497,3490 20th Street,2022/09/13,CFC,4
202003066430,337 10th Avenue,2022/09/14,CFC,3
202008121663,3508A 23rd Streeet,2022/09/14,CFC,1
202011098504,665 20th Avenue,2022/09/15,CFC,1
202101072281,2271 15th Avenue,2022/09/15,CFC,1
201911086865,1508 Taylor street,2022/09/19,CFC,1
202101283530,24 Jasper Place,2022/09/20,CFC,1
202203250946,1637 Clay Street,2022/09/20,CFC,2
201801128595,259 Crescent Avenue,2022/09/22,CFC,1
201902072313,1608 Cayuga Avenue,2022/09/23,CFC,1
201903114882,789 Carolina Street,2022/09/28,CFC,1
202110200871,1649 la Salle Avenue,2022/09/28,CFC,1
201712217187,2483-2485 Post Street,2022/09/28,CFC,1
201703080995,635 Scott Street,2022/09/30,CFC,2
201701267979,800 29th Avenue,2022/09/30,CFC,1
201608225703,1362-1364 Page Street,2022/09/30,CFC,4
201708033793,2581 Post Street,2022/09/30,CFC,1
202012110887,2581-2583 Post Street,2022/09/30,CFC,1
